GAZETTE_NOTICE_NO_,Year,ACT,Cap,Persons_Appointed_,Position_,Date_Appointed_,Start_Date,End_Date,Person_Appointing_,Apointers_Position,Ministry,Parastatle_Appointed_to_,Duration_Months,Status,Gender,Original_GN,Original_GN_Year,OBJECTID
2827,01/01/2015 12:00:00 AM,The State Corporations Act,446,Gershom Otachi,Chairperson,04/17/2015 12:00:00 AM,05/20/2015 12:00:00 AM,,Uhuru Kenyatta,President,,Geothermal Development Company,36,Appointed ,m,,,0
2828,01/01/2015 12:00:00 AM,The State Corporations Act,446,Sammy Choge,Chairperson,04/17/2015 12:00:00 AM,04/17/2015 12:00:00 AM,,Uhuru Kenyatta,President,,Chemelil Sugar Company,36,Appointed ,m,,,1
2829,01/01/2015 12:00:00 AM,Agricultural Development Corporation Act,444,Musa Sirma,Member of the Board,04/17/2015 12:00:00 AM,04/17/2015 12:00:00 AM,,Uhuru Kenyatta,President,,Agricultural Development Corporation,36,Appointed ,m,,,2
2829,01/01/2015 12:00:00 AM,Agricultural Development Corporation Act,444,Susan Akinyi Wakiaga,Member of the Board,04/17/2015 12:00:00 AM,04/17/2015 12:00:00 AM,,Uhuru Kenyatta,President,,Agricultural Development Corporation,36,Appointed ,f,,,3
2829,01/01/2015 12:00:00 AM,Agricultural Development Corporation Act,444,Joseph Miriti Mwereria,Member of the Board,04/17/2015 12:00:00 AM,04/17/2015 12:00:00 AM,,Uhuru Kenyatta,President,,Agricultural Development Corporation,36,Appointed ,m,,,4
2829,01/01/2015 12:00:00 AM,Agricultural Development Corporation Act,444,Valeria A. P. Palapala (Dr.),Member of the Board,04/17/2015 12:00:00 AM,04/17/2015 12:00:00 AM,,Uhuru Kenyatta,President,,Agricultural Development Corporation,36,Appointed ,f,,,5
2829,01/01/2015 12:00:00 AM,Agricultural Development Corporation Act,444,James Munyinyi Karanja,Member of the Board,04/17/2015 12:00:00 AM,04/17/2015 12:00:00 AM,,Uhuru Kenyatta,President,,Agricultural Development Corporation,36,Appointed ,m,,,6
2829,01/01/2015 12:00:00 AM,Agricultural Development Corporation Act,444,Janet Kirui,Member of the Board,04/17/2015 12:00:00 AM,04/17/2015 12:00:00 AM,,Uhuru Kenyatta,President,,Agricultural Development Corporation,36,Appointed ,f,,,7
2829,01/01/2015 12:00:00 AM,Agricultural Development Corporation Act,444,Abdo Mohamed Bahajj,Member of the Board,04/17/2015 12:00:00 AM,04/17/2015 12:00:00 AM,,Uhuru Kenyatta,President,,Agricultural Development Corporation,36,Appointed ,m,,,8
2829,01/01/2015 12:00:00 AM,Agricultural Development Corporation Act,444,Juliet Wanjiru Karanja,Member of the Board,04/17/2015 12:00:00 AM,04/17/2015 12:00:00 AM,,Uhuru Kenyatta,President,,Agricultural Development Corporation,36,Appointed ,f,,,9
2829,01/01/2015 12:00:00 AM,Agricultural Development Corporation Act,444,Kipera Issa Athuman,Member of the Board,04/17/2015 12:00:00 AM,04/17/2015 12:00:00 AM,,Uhuru Kenyatta,President,,Agricultural Development Corporation,36,Appointed ,,,,10
2829,01/01/2015 12:00:00 AM,Agricultural Development Corporation Act,444,David Mwangi Kuria,Member of the Board,04/17/2015 12:00:00 AM,04/17/2015 12:00:00 AM,,Uhuru Kenyatta,President,,Agricultural Development Corporation,36,Appointed ,m,,,11
2829,01/01/2015 12:00:00 AM,Agricultural Development Corporation Act,444,Sammy Kipcho Choge,Member of the Board,,,04/17/2015 12:00:00 AM,Uhuru Kenyatta,President,,Agricultural Development Corporation,,Revoked ,m,6711,,12
2830,01/01/2015 12:00:00 AM,"Kenya Yearbook Order, 2007",,Susan Wakhungu,Non-Executive Chairperson,04/17/2015 12:00:00 AM,04/17/2015 12:00:00 AM,,Uhuru Kenyatta,President,,Kenya Yearbook Editorial Board,36,Appointed ,f,,,13
2831,01/01/2015 12:00:00 AM,Anti-Counterfeit Act,,Polycarp Igathe,Chairperson,04/17/2015 12:00:00 AM,04/17/2015 12:00:00 AM,02/11/2016 12:00:00 AM,Uhuru Kenyatta,President,,Anti Counterfitng Agency,10,Appointed ,m,,,14
2832,01/01/2015 12:00:00 AM,Kenya Trade Network Agency (Order no 6 of 2011),,R. E. Kibwana,Chairperson,04/17/2015 12:00:00 AM,04/17/2015 12:00:00 AM,,Uhuru Kenyatta,President,,Kenya Trade Network Agency,36,Appointed ,m,,,15
2831,01/01/2015 12:00:00 AM,Anti-Counterfeit Act,,Allan George Njogu Kamau,Chairperson,,,04/17/2015 12:00:00 AM,Uhuru Kenyatta,President,,Anti Counterfitng Agency,,Revoked ,m,5,,16
2833,01/01/2015 12:00:00 AM,Insurance Act,487,Fausak Abass,Board of Trustees Chairperson ,04/17/2015 12:00:00 AM,04/17/2015 12:00:00 AM,01/09/2017 12:00:00 AM,Uhuru Kenyatta,President,,Policy Holders Compensation Fund ,21,Appointed ,m,,,17
2833,01/01/2015 12:00:00 AM,Insurance Act,487,Gershom Otachi,Board of Trustees Chairperson ,,,04/17/2015 12:00:00 AM,Uhuru Kenyatta,President,,Policy Holders Compensation Fund ,,Revoked ,m,15765,,18
2834,01/01/2015 12:00:00 AM,Capital Markets Acts,,James Ndegwa,Chairperson,04/17/2015 12:00:00 AM,04/17/2015 12:00:00 AM,,Uhuru Kenyatta,President,,Capital Markets Authority,36,Appointed ,m,,,19
2835,01/01/2015 12:00:00 AM,The State Corporations Act,446,Josiah Magut,Chairperson,04/17/2015 12:00:00 AM,04/17/2015 12:00:00 AM,03/11/2016 12:00:00 AM,Uhuru Kenyatta,President,,Bomas of Kenya,11,Appointed ,m,,,20
2835,01/01/2015 12:00:00 AM,The State Corporations Act,446,John Makumi,Chairperson,,,04/17/2015 12:00:00 AM,Uhuru Kenyatta,President,,Bomas of Kenya,,Revoked ,m,2926,,21
2836,01/01/2015 12:00:00 AM,Companies Act,486,Walter Nyambati,Chairperson,04/17/2015 12:00:00 AM,04/17/2015 12:00:00 AM,,Uhuru Kenyatta,President,,Jomo Kenyatta Foundation,36,Appointed ,m,,,22
2837,01/01/2015 12:00:00 AM,Wildlife Conservation and Management Act 2013,,Richard Leakey (Dr.),Chairperson,04/17/2015 12:00:00 AM,04/17/2015 12:00:00 AM,,Uhuru Kenyatta,President,,Kenya Wildlife Service,36,Appointed ,m,,,23
2838,01/01/2015 12:00:00 AM,Companies Act,486,Kenneth Sigilai (Dr.),Board of Directors Chairperson,04/17/2015 12:00:00 AM,04/17/2015 12:00:00 AM,,Uhuru Kenyatta,President,,Kenya Electrcity Transmision Company Limited,36,Appointed ,m,,,24
2839,01/01/2015 12:00:00 AM,Kerio Valley Development Authority Act,441,Sam Kona,Chairperson,04/17/2015 12:00:00 AM,04/17/2015 12:00:00 AM,,Uhuru Kenyatta,President,,Kerio Valley Development Authority,36,Appointed ,m,,,25
2840,01/01/2015 12:00:00 AM,Children Act (no 8 of 2011),,Joyce Ngugi,Chairperson,04/17/2015 12:00:00 AM,04/17/2015 12:00:00 AM,,Uhuru Kenyatta,President,,National Council for Children Services,36,Appointed ,f,,,26
2841,01/01/2015 12:00:00 AM,Privatization Act,,Henry Obwocha,Chairperson,04/17/2015 12:00:00 AM,04/17/2015 12:00:00 AM,,Uhuru Kenyatta,President,,Privatization Commision,36,Appointed ,m,,,27
2842,01/01/2015 12:00:00 AM,Tourism Act (no 28 of 2011) ,,Omingo Magara,Chairperson,04/17/2015 12:00:00 AM,04/17/2015 12:00:00 AM,,Uhuru Kenyatta,President,,Kenya International Convention Center,36,Appointed ,m,,,28
2843,01/01/2015 12:00:00 AM,Sports Act (No 25 of 2013),,Fred Muteti,Chairperson,04/17/2015 12:00:00 AM,04/17/2015 12:00:00 AM,,Uhuru Kenyatta,President,,Sports Kenya,36,Appointed ,m,,,29
2844,01/01/2015 12:00:00 AM,The State Corporations Act,446,Daniel Wamahiu,Board of Directors Chairperson,04/17/2015 12:00:00 AM,04/17/2015 12:00:00 AM,,Uhuru Kenyatta,President,,National Oil Corporation of Kenya,36,Appointed ,m,,,30
2845,01/01/2015 12:00:00 AM,The State Corporations Act,446,Ambrose Weda,Board of Directors Chairperson,04/17/2015 12:00:00 AM,04/17/2015 12:00:00 AM,,Uhuru Kenyatta,President,,South Nyanza Sugar Company,36,Appointed ,m,,,31
2846,01/01/2015 12:00:00 AM,Kenya Animal Genetics Resource Center (Order L.N. 110 of 2011) ,,Geoffrey Kamau Kibui (Dr.),Chairperson,04/17/2015 12:00:00 AM,04/17/2015 12:00:00 AM,,Uhuru Kenyatta,President,,Kenya Animal Genetics Resource Center,36,Appointed ,m,,,32
2847,01/01/2015 12:00:00 AM,Kenya Veterinary Vaccines Production Institute (Order 1990),,Wabacha James (Prof.),Chairperson,04/17/2015 12:00:00 AM,04/17/2015 12:00:00 AM,,Uhuru Kenyatta,President,,Kenya Veterinary Vaccines Production Institute (Order 1990),36,Appointed ,m,,,33
2848,01/01/2015 12:00:00 AM,Micro and Small Enterprises Act (No 55 of 2012),,Charles Waithaka,Chairperson,04/17/2015 12:00:00 AM,04/17/2015 12:00:00 AM,,Uhuru Kenyatta,President,,Micro and Small Enterprises Authority,36,Appointed ,M,,,34
2848,01/01/2015 12:00:00 AM,Micro and Small Enterprises Act (No 55 of 2012),,Paul Billy Muhia Ngungi,Chairperson,,,04/17/2015 12:00:00 AM,Uhuru Kenyatta,President,,Micro and Small Enterprises Authority,,Revoked ,M,2902,,35
2849,01/01/2015 12:00:00 AM,Tana and Athi Rivers Development Authority Act,443,Abdul Bahari,Chairperson,04/17/2015 12:00:00 AM,04/17/2015 12:00:00 AM,,Uhuru Kenyatta,President,,Tana and Athi Rivers Development Authority,36,Appointed ,m,,,36
2850,01/01/2015 12:00:00 AM,Agricultural Development Corporation Act,444,Soita Shitanda,Chairperson,04/17/2015 12:00:00 AM,04/17/2015 12:00:00 AM,,Uhuru Kenyatta,President,,Agricultural Development Corporation,36,Appointed ,m,,,37
2850,01/01/2015 12:00:00 AM,Agricultural Development Corporation Act,444,James Kapaito Toiyanga,Chairperson,04/17/2015 12:00:00 AM,04/17/2015 12:00:00 AM,,Uhuru Kenyatta,President,,Agricultural Development Corporation,,Revoked ,m,2894,,38
2851,01/01/2015 12:00:00 AM,The State Corporations Act,446,John Ngumi,Board of Directors Chairperson,04/17/2015 12:00:00 AM,04/17/2015 12:00:00 AM,,Uhuru Kenyatta,President,,Kenya Pipeline Company,36,Appointed ,m,,,39
2852,01/01/2015 12:00:00 AM,Coast Development Authority Act,449,Suleiman M Kamolleh,Chairperson,04/17/2015 12:00:00 AM,04/17/2015 12:00:00 AM,,Uhuru Kenyatta,President,,Coast Development Authority,36,Appointed ,m,,,40
2852,01/01/2015 12:00:00 AM,Coast Development Authority Act,449,Martin M. Tsuma,Chairperson,04/17/2015 12:00:00 AM,04/17/2015 12:00:00 AM,,Uhuru Kenyatta,President,,Coast Development Authority,36,Appointed ,m,12424,,41
2853,01/01/2015 12:00:00 AM,The State Corporations Act,446,Nathan Psiwa (Dr.),Chairperson,04/17/2015 12:00:00 AM,04/17/2015 12:00:00 AM,,Uhuru Kenyatta,President,,Kenya Industrial Research and Development Institute,36,Appointed ,m,,,42
2854,01/01/2015 12:00:00 AM,National Cereals And Produce Board Act (Cap. 338),,Geoffrey King’ang’i Muturi (Col.),Chairperson,04/17/2015 12:00:00 AM,04/17/2015 12:00:00 AM,,Uhuru Kenyatta,President,,National Cereals And Produce Board,36,Appointed ,m,,,43
2855,01/01/2015 12:00:00 AM,"National Campaign Against Drug Abuse Authority Act, 2012",,G. Nasieku Taraiya,Member of the Board,04/21/2015 12:00:00 AM,04/17/2015 12:00:00 AM,,Joseph Nkaissery,Cabinet Secretary,Interior And Co-Ordination Of National Government,National Campaign Against Drug Abuse Authority ,36,Appointed ,m,,,44
2865,01/01/2015 12:00:00 AM,Postal Corporation Of Kenya Act,411,Susan Ihane,Member of the Board,04/20/2015 12:00:00 AM,04/17/2015 12:00:00 AM,,Fred Matiangi,Cabinet Secretary,"Information, Communications and Technology",Postal Corporation of Kenya,36,Appointed ,f,,,45
2855,01/01/2015 12:00:00 AM,"National Campaign Against Drug Abuse Authority Act, 2012",,Charles Njagua Kanyi,Member of the Board,04/21/2015 12:00:00 AM,04/17/2015 12:00:00 AM,,Joseph Nkaissery,Cabinet Secretary,Interior And Co-Ordination Of National Government,National Campaign Against Drug Abuse Authority ,36,Appointed ,m,,,46
2855,01/01/2015 12:00:00 AM,"National Campaign Against Drug Abuse Authority Act, 2012",,Stephen Kiptoem Mairori,Member of the Board,04/21/2015 12:00:00 AM,04/17/2015 12:00:00 AM,,Joseph Nkaissery,Cabinet Secretary,Interior And Co-Ordination Of National Government,National Campaign Against Drug Abuse Authority ,36,Appointed ,m,,,47
2856,01/01/2015 12:00:00 AM,"National Campaign Against Drug Abuse Authority Act, 2012",,Sheikh Juma Ngao,Member of the Board,04/17/2015 12:00:00 AM,04/17/2015 12:00:00 AM,,Joseph Nkaissery,Cabinet Secretary,Interior And Co-Ordination Of National Government,National Campaign Against Drug Abuse Authority ,36,Appointed ,m,,,48
2856,01/01/2015 12:00:00 AM,"National Campaign Against Drug Abuse Authority Act, 2012",,Wilfred Kogo (Rev.) (Dr.),Member of the Board,04/17/2015 12:00:00 AM,04/17/2015 12:00:00 AM,,Joseph Nkaissery,Cabinet Secretary,Interior And Co-Ordination Of National Government,National Campaign Against Drug Abuse Authority ,36,Appointed ,m,,,49
2857,01/01/2015 12:00:00 AM,"Kenya Trade Network Agency Order, 2010 (No. 6 Of 2010)",,Francis Parsimei,Member of the Board,04/21/2015 12:00:00 AM,04/17/2015 12:00:00 AM,,Henry Rotich,Cabinet Secretary,National Treasury,Kenya Trade Networks Agency Board,36,Appointed ,m,,,50
2857,01/01/2015 12:00:00 AM,"Kenya Trade Network Agency Order, 2010 (No. 6 Of 2010)",,Wambui Namu,Member of the Board,04/21/2015 12:00:00 AM,04/17/2015 12:00:00 AM,,Henry Rotich,Cabinet Secretary,National Treasury,Kenya Trade Networks Agency Board,36,Appointed ,f,,,51
2857,01/01/2015 12:00:00 AM,"Kenya Trade Network Agency Order, 2010 (No. 6 Of 2010)",,Esther Gicheru (Dr.),Member of the Board,04/21/2015 12:00:00 AM,04/17/2015 12:00:00 AM,,Henry Rotich,Cabinet Secretary,National Treasury,Kenya Trade Networks Agency Board,36,Appointed ,f,,,52
2858,01/01/2015 12:00:00 AM,Insurance Act,487,Tom Gitogo (CEO Retirements Benefits Authority),Member of the Board,04/21/2015 12:00:00 AM,04/17/2015 12:00:00 AM,,Henry Rotich,Cabinet Secretary,National Treasury,Policy Holders Compensation Fund ,36,Appointed ,m,,,53
2858,01/01/2015 12:00:00 AM,Insurance Act,487,Nderitu Mureithi (CEO Capital Markets Authority),Member of the Board,04/21/2015 12:00:00 AM,04/17/2015 12:00:00 AM,,Henry Rotich,Cabinet Secretary,National Treasury,Policy Holders Compensation Fund ,36,Appointed ,m,,,54
2858,01/01/2015 12:00:00 AM,Insurance Act,487,Maurice Jumah Okumu (CEO Governor of the Central Bank of Kenya),Member of the Board,04/21/2015 12:00:00 AM,04/17/2015 12:00:00 AM,,Henry Rotich,Cabinet Secretary,National Treasury,Policy Holders Compensation Fund ,36,Appointed ,m,,,55
2859,01/01/2015 12:00:00 AM,The State Corporations Act,446,John Paul K. Kenduiywa,Director,04/21/2015 12:00:00 AM,04/17/2015 12:00:00 AM,,Henry Rotich,Cabinet Secretary,National Treasury,Industrial Development Bank,36,Appointed ,m,,,56
2859,01/01/2015 12:00:00 AM,The State Corporations Act,446,Michael K. Kiswili,Director,04/21/2015 12:00:00 AM,04/17/2015 12:00:00 AM,,Henry Rotich,Cabinet Secretary,National Treasury,Industrial Development Bank,36,Appointed ,m,,,57
2860,01/01/2015 12:00:00 AM,"Proceeds Of Crime And Anti-Money Laundering Act, 2009 (No. 9 Of 2009)",,Kennedy Ogeto,Chairperson,04/21/2015 12:00:00 AM,04/17/2015 12:00:00 AM,,Henry Rotich,Cabinet Secretary,National Treasury,Anti-Money Laundering Advisory Board,36,Appointed ,m,,,58
2861,01/01/2015 12:00:00 AM,"Proceeds Of Crime And Anti-Money Laundering Act, 2009 (No. 9 Of 2009)",,Kennedy Ogeto,Member of the Board,04/21/2015 12:00:00 AM,04/17/2015 12:00:00 AM,,Henry Rotich,Cabinet Secretary,National Treasury,Anti-Money Laundering Advisory Board,36,Appointed ,m,,,59
2861,01/01/2015 12:00:00 AM,"Proceeds Of Crime And Anti-Money Laundering Act, 2009 (No. 9 Of 2009)",,Freshia Mugo Waweru (Dr.),Member of the Board,04/21/2015 12:00:00 AM,04/17/2015 12:00:00 AM,,Henry Rotich,Cabinet Secretary,National Treasury,Anti-Money Laundering Advisory Board,36,Appointed ,m,,,60
2862,01/01/2015 12:00:00 AM,Housing Act,117,Wainaina Kenyanjui,Member of the Board,04/21/2015 12:00:00 AM,04/17/2015 12:00:00 AM,,Fred Matiangi,Ag. Cabinet Secretary,"Lands, Housing and Urban Development",,36,Appointed ,m,,,61
2862,01/01/2015 12:00:00 AM,Housing Act,117,Gladys Mboya,Member of the Board,04/21/2015 12:00:00 AM,04/17/2015 12:00:00 AM,,Fred Matiangi,Ag. Cabinet Secretary,"Lands, Housing and Urban Development",,36,Appointed ,f,,,62
2862,01/01/2015 12:00:00 AM,Housing Act,117,Francis Gitau Mungai,Member of the Board,04/21/2015 12:00:00 AM,04/17/2015 12:00:00 AM,,Fred Matiangi,Ag. Cabinet Secretary,"Lands, Housing and Urban Development",,36,Appointed ,m,,,63
2863,01/01/2015 12:00:00 AM,Capital Markets Acts,,Chris Kiptoo (Dr.),Member of the Board,04/21/2015 12:00:00 AM,04/17/2015 12:00:00 AM,,Henry Rotich,Cabinet Secretary,National Treasury,Capital Markets Authority,36,Appointed ,m,,,64
2863,01/01/2015 12:00:00 AM,Capital Markets Acts,,Linda Muriuki,Member of the Board,04/21/2015 12:00:00 AM,04/17/2015 12:00:00 AM,,Henry Rotich,Cabinet Secretary,National Treasury,Capital Markets Authority,36,Appointed ,f,,,65
2864,01/01/2015 12:00:00 AM,Retirement Benefits Authority Act,197,Stephen Gichohi Hillary Barchok (Dr.),Members of the Board of Directors,04/21/2015 12:00:00 AM,04/17/2015 12:00:00 AM,,Henry Rotich,Cabinet Secretary,National Treasury,Retirement Benefits Authority,36,Appointed ,m,,,66
2865,01/01/2015 12:00:00 AM,Postal Corporation Of Kenya Act,411,Margaret Mucheru-Karuri,Member of the Board,04/20/2015 12:00:00 AM,04/17/2015 12:00:00 AM,,Fred Matiangi,Cabinet Secretary,"Information, Communications and Technology",Postal Corporation of Kenya,36,Appointed ,f,,,67
2866,01/01/2015 12:00:00 AM,Industrial And Commercial Development Corporation Act,445,Julius Sunkuli,Member of the Board,04/21/2015 12:00:00 AM,04/17/2015 12:00:00 AM,,Adan Mohammed,Cabinet Secretary,Industrialization And Enterprise Development,"Industrial And Commercial Development Corporation, ",36,Appointed ,m,,,68
2866,01/01/2015 12:00:00 AM,Industrial And Commercial Development Corporation Act,445,Waqo Dulacha Ejersa,Member of the Board,04/21/2015 12:00:00 AM,04/17/2015 12:00:00 AM,,Adan Mohammed,Cabinet Secretary,Industrialization And Enterprise Development,"Industrial And Commercial Development Corporation, ",36,Appointed ,m,,,69
2866,01/01/2015 12:00:00 AM,Industrial And Commercial Development Corporation Act,445,Sophia Lepuchirit,Member of the Board,04/21/2015 12:00:00 AM,04/17/2015 12:00:00 AM,,Adan Mohammed,Cabinet Secretary,Industrialization And Enterprise Development,"Industrial And Commercial Development Corporation, ",36,Appointed ,f,,,70
2866,01/01/2015 12:00:00 AM,Industrial And Commercial Development Corporation Act,445,David Ndegwa Wachira,Member of the Board,04/21/2015 12:00:00 AM,04/17/2015 12:00:00 AM,,Adan Mohammed,Cabinet Secretary,Industrialization And Enterprise Development,"Industrial And Commercial Development Corporation, ",36,Appointed ,m,,,71
2867,01/01/2015 12:00:00 AM,The State Corporations Act,446,Stanley Kaguongo (Eng.),Member of the Board,,04/17/2015 12:00:00 AM,,Adan Mohammed,Cabinet Secretary,Industrialization And Enterprise Development,Numerical Machining Complex Limited,36,Appointed ,m,,,72
2867,01/01/2015 12:00:00 AM,The State Corporations Act,446,Angelina Nduku Kioko (Dr.),Member of the Board,,04/17/2015 12:00:00 AM,,Adan Mohammed,Cabinet Secretary,Industrialization And Enterprise Development,Numerical Machining Complex Limited,36,Appointed ,f,,,73
2867,01/01/2015 12:00:00 AM,The State Corporations Act,446,Kamau Gachigi (Dr.),Member of the Board,,04/17/2015 12:00:00 AM,,Adan Mohammed,Cabinet Secretary,Industrialization And Enterprise Development,Numerical Machining Complex Limited,36,Appointed ,m,,,74
2867,01/01/2015 12:00:00 AM,The State Corporations Act,446,James Bett (Eng.),Member of the Board,,04/17/2015 12:00:00 AM,,Adan Mohammed,Cabinet Secretary,Industrialization And Enterprise Development,Numerical Machining Complex Limited,36,Appointed ,m,,,75
2868,01/01/2015 12:00:00 AM,Export Processing Zones Act ,517,Kenneth Bitange Nyachae,Member of the Board,,04/17/2015 12:00:00 AM,,Adan Mohammed,Cabinet Secretary,Industrialization And Enterprise Development,Export Processing Zones Authority,36,Appointed ,m,,,76
2869,01/01/2015 12:00:00 AM,The State Corporations Act,446,Christopher Gathu Nyagah (Prof.),Member of the Board,,04/17/2015 12:00:00 AM,,Adan Mohammed,Cabinet Secretary,Industrialization And Enterprise Development,Kenya Industrial Research and Development Institute,36,Appointed ,m,,,77
2870,01/01/2015 12:00:00 AM,Standards Act,496,Wisdom Mwamburi,Council Members,04/21/2015 12:00:00 AM,04/17/2015 12:00:00 AM,,Adan Mohammed,Cabinet Secretary,Industrialization And Enterprise Development,National Standards Council,36,Appointed ,m,,,78
2870,01/01/2015 12:00:00 AM,Standards Act,496,Mary Wanja Matu,Council Members,04/21/2015 12:00:00 AM,04/17/2015 12:00:00 AM,,Adan Mohammed,Cabinet Secretary,Industrialization And Enterprise Development,National Standards Council,36,Appointed ,f,,,79
2870,01/01/2015 12:00:00 AM,Standards Act,496,Hilary Kosgei,Council Members,04/21/2015 12:00:00 AM,04/17/2015 12:00:00 AM,,Adan Mohammed,Cabinet Secretary,Industrialization And Enterprise Development,National Standards Council,36,Appointed ,m,,,80
2870,01/01/2015 12:00:00 AM,Standards Act,496,Mboche Waithaka,Council Members,04/21/2015 12:00:00 AM,04/17/2015 12:00:00 AM,,Adan Mohammed,Cabinet Secretary,Industrialization And Enterprise Development,National Standards Council,36,Appointed ,m,,,81
2870,01/01/2015 12:00:00 AM,Standards Act,496,Mohamed Hussein Ali,Council Members,04/21/2015 12:00:00 AM,04/17/2015 12:00:00 AM,,Adan Mohammed,Cabinet Secretary,Industrialization And Enterprise Development,National Standards Council,36,Appointed ,m,,,82
2870,01/01/2015 12:00:00 AM,Standards Act,496,Micah Powon,Council Members,04/21/2015 12:00:00 AM,04/17/2015 12:00:00 AM,,Adan Mohammed,Cabinet Secretary,Industrialization And Enterprise Development,National Standards Council,36,Appointed ,m,,,83
2870,01/01/2015 12:00:00 AM,Standards Act,496,Eric Mungai,Council Members,04/21/2015 12:00:00 AM,04/17/2015 12:00:00 AM,,Adan Mohammed,Cabinet Secretary,Industrialization And Enterprise Development,National Standards Council,36,Appointed ,m,,,84
2870,01/01/2015 12:00:00 AM,Standards Act,496,Gladys Maingi,Council Members,04/21/2015 12:00:00 AM,04/17/2015 12:00:00 AM,,Adan Mohammed,Cabinet Secretary,Industrialization And Enterprise Development,National Standards Council,36,Appointed ,f,,,85
2870,01/01/2015 12:00:00 AM,Standards Act,496,Fouzia Abdirahman,Council Members,04/21/2015 12:00:00 AM,04/17/2015 12:00:00 AM,,Adan Mohammed,Cabinet Secretary,Industrialization And Enterprise Development,National Standards Council,36,Appointed ,m,,,86
2870,01/01/2015 12:00:00 AM,Standards Act,496,Nazir Gulam,Council Members,04/21/2015 12:00:00 AM,04/17/2015 12:00:00 AM,,Adan Mohammed,Cabinet Secretary,Industrialization And Enterprise Development,National Standards Council,36,Appointed ,m,,,87
2871,01/01/2015 12:00:00 AM,The State Corporations Act,446,Yassir Noor,Member of the Board,04/21/2015 12:00:00 AM,04/17/2015 12:00:00 AM,,Adan Mohammed,Cabinet Secretary,Industrialization And Enterprise Development,New Kenya Co-Operative Creameries Limited,36,Appointed ,m,,,88
2871,01/01/2015 12:00:00 AM,The State Corporations Act,446,Christopher Ayienda (Dr.),Member of the Board,04/21/2015 12:00:00 AM,04/17/2015 12:00:00 AM,,Adan Mohammed,Cabinet Secretary,Industrialization And Enterprise Development,New Kenya Co-Operative Creameries Limited,36,Appointed ,m,,,89
2871,01/01/2015 12:00:00 AM,The State Corporations Act,446,Erastus Kiragu,Member of the Board,04/21/2015 12:00:00 AM,04/17/2015 12:00:00 AM,,Adan Mohammed,Cabinet Secretary,Industrialization And Enterprise Development,New Kenya Co-Operative Creameries Limited,36,Appointed ,m,,,90
2871,01/01/2015 12:00:00 AM,The State Corporations Act,446,Paul Kipkorir,Member of the Board,04/21/2015 12:00:00 AM,04/17/2015 12:00:00 AM,,Adan Mohammed,Cabinet Secretary,Industrialization And Enterprise Development,New Kenya Co-Operative Creameries Limited,36,Appointed ,m,,,91
2871,01/01/2015 12:00:00 AM,The State Corporations Act,446,Mary Jelagat Mutai,Member of the Board,04/21/2015 12:00:00 AM,04/17/2015 12:00:00 AM,,Adan Mohammed,Cabinet Secretary,Industrialization And Enterprise Development,New Kenya Co-Operative Creameries Limited,36,Appointed ,f,,,92
2872,01/01/2015 12:00:00 AM,"The Investment Promotion Act, 2004 (No. 6 Of2004)",,Peter Njoka,Member of the Board,04/21/2015 12:00:00 AM,04/17/2015 12:00:00 AM,,Adan Mohammed,Cabinet Secretary,Industrialization And Enterprise Development,Kenya Investment Authority,36,Appointed ,m,,,93
2872,01/01/2015 12:00:00 AM,"The Investment Promotion Act, 2004 (No. 6 Of2004)",,Taib A. Taib,Member of the Board,04/21/2015 12:00:00 AM,04/17/2015 12:00:00 AM,,Adan Mohammed,Cabinet Secretary,Industrialization And Enterprise Development,Kenya Investment Authority,36,Appointed ,m,,,94
2872,01/01/2015 12:00:00 AM,"The Investment Promotion Act, 2004 (No. 6 Of2004)",,Gachao Kiuna,Member of the Board,04/21/2015 12:00:00 AM,04/17/2015 12:00:00 AM,,Adan Mohammed,Cabinet Secretary,Industrialization And Enterprise Development,Kenya Investment Authority,36,Appointed ,m,,,95
2872,01/01/2015 12:00:00 AM,"The Investment Promotion Act, 2004 (No. 6 Of2004)",,Esther J. Bungei,Member of the Board,04/21/2015 12:00:00 AM,04/17/2015 12:00:00 AM,,Adan Mohammed,Cabinet Secretary,Industrialization And Enterprise Development,Kenya Investment Authority,36,Appointed ,f,,,96
2872,01/01/2015 12:00:00 AM,"The Investment Promotion Act, 2004 (No. 6 Of2004)",,Judy Kibaki,Member of the Board,04/21/2015 12:00:00 AM,04/17/2015 12:00:00 AM,,Adan Mohammed,Cabinet Secretary,Industrialization And Enterprise Development,Kenya Investment Authority,36,Appointed ,f,,,97
2872,01/01/2015 12:00:00 AM,"The Investment Promotion Act, 2004 (No. 6 Of2004)",,Sandra Ojiambo,Member of the Board,04/21/2015 12:00:00 AM,04/17/2015 12:00:00 AM,,Adan Mohammed,Cabinet Secretary,Industrialization And Enterprise Development,Kenya Investment Authority,36,Appointed ,f,,,98
2873,01/01/2015 12:00:00 AM,"The National Council For Population And Development Order, 2004",,Florence Muthua Muthee,Member of the Board,04/17/2015 12:00:00 AM,04/17/2015 12:00:00 AM,,Anne Waiguru,Cabinet Secretary,Devolution and Planing,National Council For Population And Development ,36,Appointed ,f,,,99
2873,01/01/2015 12:00:00 AM,"The National Council For Population And Development Order, 2004",,Musa K. Arusei (Dr.),Member of the Board,04/17/2015 12:00:00 AM,04/17/2015 12:00:00 AM,,Anne Waiguru,Cabinet Secretary,Devolution and Planing,National Council For Population And Development ,36,Appointed ,m,,,100
2874,01/01/2015 12:00:00 AM,"The National Drought Management Authority Order, 2011 (L. N. 171 Of 2011)",,Esther N. Mungai (Prof.),Member of the Board,04/17/2015 12:00:00 AM,04/17/2015 12:00:00 AM,,Anne Waiguru,Cabinet Secretary,Devolution and Planing,National Drought Management Authority,36,Appointed ,f,,,101
2874,01/01/2015 12:00:00 AM,"The National Drought Management Authority Order, 2011 (L. N. 171 Of 2011)",,Kibisu Kabatesi,Member of the Board,04/17/2015 12:00:00 AM,04/17/2015 12:00:00 AM,,Anne Waiguru,Cabinet Secretary,Devolution and Planing,National Drought Management Authority,36,Appointed ,m,,,102
2874,01/01/2015 12:00:00 AM,"The National Drought Management Authority Order, 2011 (L. N. 171 Of 2011)",,Emily Kithira Mworia,Member of the Board,04/17/2015 12:00:00 AM,04/17/2015 12:00:00 AM,,Anne Waiguru,Cabinet Secretary,Devolution and Planing,National Drought Management Authority,36,Appointed ,f,,,103
2874,01/01/2015 12:00:00 AM,"The National Drought Management Authority Order, 2011 (L. N. 171 Of 2011)",,Rashid Kassim Amin,Member of the Board,04/17/2015 12:00:00 AM,04/17/2015 12:00:00 AM,,Anne Waiguru,Cabinet Secretary,Devolution and Planing,National Drought Management Authority,36,Appointed ,m,,,104
2875,01/01/2015 12:00:00 AM,"The Public Finance Management Act (No. 18 Of 2012) The Government Financial Management (Women Enterprise Fund) Regulations, 2007  (L.N. 147/2007)",,Claire Mbarua,Members of the Advisory Board,04/17/2015 12:00:00 AM,04/17/2015 12:00:00 AM,,Anne Waiguru,Cabinet Secretary,Devolution and Planing,Women Enterprise Fund,36,Appointed ,f,,,105
2875,01/01/2015 12:00:00 AM,"The Public Finance Management Act (No. 18 Of 2012) The Government Financial Management (Women Enterprise Fund) Regulations, 2007  (L.N. 147/2007)",,Robert Otieno Oduor,Members of the Advisory Board,04/17/2015 12:00:00 AM,04/17/2015 12:00:00 AM,,Anne Waiguru,Cabinet Secretary,Devolution and Planing,Women Enterprise Fund,36,Appointed ,m,,,106
2882,01/01/2015 12:00:00 AM,The State Corporations Act,446,John Murumba Chikati (Dr.),Members of the Board of Directors,,04/17/2015 12:00:00 AM,,Adan Mohammed,Ag. Cabinet Secretary,"Agriculture, Livestock and Fisheries",Nzoia Sugar Company Limited,36,Appointed ,m,,,107
2875,01/01/2015 12:00:00 AM,"The Public Finance Management Act (No. 18 Of 2012) The Government Financial Management (Women Enterprise Fund) Regulations, 2007  (L.N. 147/2007)",,Francisca Auma,Members of the Advisory Board,04/17/2015 12:00:00 AM,04/17/2015 12:00:00 AM,,Anne Waiguru,Cabinet Secretary,Devolution and Planing,Women Enterprise Fund,36,Appointed ,f,,,108
2875,01/01/2015 12:00:00 AM,"The Public Finance Management Act (No. 18 Of 2012) The Government Financial Management (Women Enterprise Fund) Regulations, 2007  (L.N. 147/2007)",,Gloria Ndekei,Members of the Advisory Board,04/17/2015 12:00:00 AM,04/17/2015 12:00:00 AM,,Anne Waiguru,Cabinet Secretary,Devolution and Planing,Women Enterprise Fund,36,Appointed ,f,,,109
2875,01/01/2015 12:00:00 AM,"The Public Finance Management Act (No. 18 Of 2012) The Government Financial Management (Women Enterprise Fund) Regulations, 2007  (L.N. 147/2007)",,Mussolini Kithome (Dr.),Members of the Advisory Board,04/17/2015 12:00:00 AM,04/17/2015 12:00:00 AM,,Anne Waiguru,Cabinet Secretary,Devolution and Planing,Women Enterprise Fund,36,Appointed ,m,,,110
2876,01/01/2015 12:00:00 AM,"The Public Finance Management Act (No. 18 Of 2012)
The Public Finance Management (Uwezo Fund) Regulations, 2014
(No. 21 Of 2014)
",,Stanley Michael Michuki (Dr.),Members of the Oversight  Board,04/17/2015 12:00:00 AM,04/17/2015 12:00:00 AM,,Anne Waiguru,Cabinet Secretary,Devolution and Planing,Uwezo Fund,36,Appointed ,m,,,111
2877,01/01/2015 12:00:00 AM,The State Corporations Act,446,Molu Shambaro,Member of the Board,04/22/2015 12:00:00 AM,04/17/2015 12:00:00 AM,,Phyllis Kandie,Cabinet Secretary,"East African Affairs, Commerce And Tourism",Bomas of Kenya,36,Appointed ,m,,,112
2877,01/01/2015 12:00:00 AM,The State Corporations Act,446,Francis Nkoitoi,Member of the Board,04/22/2015 12:00:00 AM,04/17/2015 12:00:00 AM,,Phyllis Kandie,Cabinet Secretary,"East African Affairs, Commerce And Tourism",Bomas of Kenya,36,Appointed ,m,,,113
2877,01/01/2015 12:00:00 AM,The State Corporations Act,446,Joe Karago,Member of the Board,04/22/2015 12:00:00 AM,04/17/2015 12:00:00 AM,,Phyllis Kandie,Cabinet Secretary,"East African Affairs, Commerce And Tourism",Bomas of Kenya,36,Appointed ,m,,,114
2877,01/01/2015 12:00:00 AM,The State Corporations Act,446,Khadija M. Awale,Member of the Board,04/22/2015 12:00:00 AM,04/17/2015 12:00:00 AM,,Phyllis Kandie,Cabinet Secretary,"East African Affairs, Commerce And Tourism",Bomas of Kenya,36,Appointed ,f,,,115
2878,01/01/2015 12:00:00 AM,Tourism Act (No. 28 Of 2011,,David Stogdale,Member of the Board,04/22/2015 12:00:00 AM,04/17/2015 12:00:00 AM,,Phyllis Kandie,Cabinet Secretary,"East African Affairs, Commerce And Tourism",Kenya Utalii College Council,36,Appointed ,m,,,116
2879,01/01/2015 12:00:00 AM,Tourism Act (No. 28 Of 2011,,Kavi Mwendwa,Member of the Board,04/21/2015 12:00:00 AM,04/17/2015 12:00:00 AM,,Phyllis Kandie,Cabinet Secretary,"East African Affairs, Commerce And Tourism",Kenyatta International Convention Centre,36,Appointed ,f,,,117
2879,01/01/2015 12:00:00 AM,Tourism Act (No. 28 Of 2011,,Charles Gacheru,Member of the Board,04/21/2015 12:00:00 AM,04/17/2015 12:00:00 AM,,Phyllis Kandie,Cabinet Secretary,"East African Affairs, Commerce And Tourism",,36,Appointed ,m,,,118
2879,01/01/2015 12:00:00 AM,Tourism Act (No. 28 Of 2011,,Johana Muchai,Member of the Board,04/21/2015 12:00:00 AM,04/17/2015 12:00:00 AM,,Phyllis Kandie,Cabinet Secretary,"East African Affairs, Commerce And Tourism",,36,Appointed ,m,,,119
2880,01/01/2015 12:00:00 AM,"The Persons With Disabilities Act, 2003 (No. 14 Of 2003)",,Francis Ndung’u Kibera (Prof.),Member of the Board of Trustees,04/21/2015 12:00:00 AM,04/17/2015 12:00:00 AM,,Raychelle Omamo,Ag. Cabinet Secretary,"Labour, Social Security And Services",National Development Fund For Persons With Disabilities,36,Appointed ,m,,,120
2881,01/01/2015 12:00:00 AM,"The Kenya Animal Genetics Resource Center Order, 2011
(L. N. 110 Of 2011)
",,Walter Ongeti (Dr.),Member of the Board,04/21/2015 12:00:00 AM,04/17/2015 12:00:00 AM,,Adan Mohammed,Ag. Cabinet Secretary,"Agriculture, Livestock and Fisheries",Kenya Animal Genetics Resource Center,36,Appointed ,m,,,121
2881,01/01/2015 12:00:00 AM,"The Kenya Animal Genetics Resource Center Order, 2011
(L. N. 110 Of 2011)
",,Gabriel Kaaria,Member of the Board,04/21/2015 12:00:00 AM,04/17/2015 12:00:00 AM,,Adan Mohammed,Ag. Cabinet Secretary,"Agriculture, Livestock and Fisheries",Kenya Animal Genetics Resource Center,36,Appointed ,m,,,122
2881,01/01/2015 12:00:00 AM,"The Kenya Animal Genetics Resource Center Order, 2011
(L. N. 110 Of 2011)
",,Bernadette Misoi (Dr.),Member of the Board,04/21/2015 12:00:00 AM,04/17/2015 12:00:00 AM,,Adan Mohammed,Ag. Cabinet Secretary,"Agriculture, Livestock and Fisheries",Kenya Animal Genetics Resource Center,36,Appointed ,f,,,123
2881,01/01/2015 12:00:00 AM,"The Kenya Animal Genetics Resource Center Order, 2011
(L. N. 110 Of 2011)
",,Jimmy Brooks,Member of the Board,04/21/2015 12:00:00 AM,04/17/2015 12:00:00 AM,,Adan Mohammed,Ag. Cabinet Secretary,"Agriculture, Livestock and Fisheries",Kenya Animal Genetics Resource Center,36,Appointed ,m,,,124
2882,01/01/2015 12:00:00 AM,The State Corporations Act,446,Kennedy Simiyu Chumo,Members of the Board of Directors,,04/17/2015 12:00:00 AM,,Adan Mohammed,Ag. Cabinet Secretary,"Agriculture, Livestock and Fisheries",Nzoia Sugar Company Limited,36,Appointed ,m,,,125
2882,01/01/2015 12:00:00 AM,The State Corporations Act,446,Raphael Wanjala,Members of the Board of Directors,,04/17/2015 12:00:00 AM,,Adan Mohammed,Ag. Cabinet Secretary,"Agriculture, Livestock and Fisheries",Nzoia Sugar Company Limited,36,Appointed ,m,,,126
2882,01/01/2015 12:00:00 AM,The State Corporations Act,446,Mary Nawire Waiswa,Members of the Board of Directors,,04/17/2015 12:00:00 AM,,Adan Mohammed,Ag. Cabinet Secretary,"Agriculture, Livestock and Fisheries",Nzoia Sugar Company Limited,36,Appointed ,f,,,127
2882,01/01/2015 12:00:00 AM,The State Corporations Act,446,Rebecca Mulongo,Members of the Board of Directors,,04/17/2015 12:00:00 AM,,Adan Mohammed,Ag. Cabinet Secretary,"Agriculture, Livestock and Fisheries",Nzoia Sugar Company Limited,36,Appointed ,f,,,128
2883,01/01/2015 12:00:00 AM,The State Corporations Act,446,Irene Adhiambo Onunga,Member of the Board,04/21/2015 12:00:00 AM,04/17/2015 12:00:00 AM,,Adan Mohammed,Ag. Cabinet Secretary,"Agriculture, Livestock and Fisheries",Chemelil Sugar Company,36,Appointed ,f,,,129
2883,01/01/2015 12:00:00 AM,The State Corporations Act,446,Benson Owiti,Member of the Board,04/21/2015 12:00:00 AM,04/17/2015 12:00:00 AM,,Adan Mohammed,Ag. Cabinet Secretary,"Agriculture, Livestock and Fisheries",Chemelil Sugar Company,36,Appointed ,m,,,130
2884,01/01/2015 12:00:00 AM,The State Corporations Act,446,Mwita Thomas Nyangi,Member of the Board,04/21/2015 12:00:00 AM,04/17/2015 12:00:00 AM,,Adan Mohammed,Ag. Cabinet Secretary,"Agriculture, Livestock and Fisheries",South Nyanza Sugar Company,36,Appointed ,m,,,131
2884,01/01/2015 12:00:00 AM,The State Corporations Act,446,Angeline Yiamitom Siparo,Member of the Board,04/21/2015 12:00:00 AM,04/17/2015 12:00:00 AM,,Adan Mohammed,Ag. Cabinet Secretary,"Agriculture, Livestock and Fisheries",South Nyanza Sugar Company,36,Appointed ,f,,,132
2884,01/01/2015 12:00:00 AM,The State Corporations Act,446,James Mageto,Member of the Board,04/21/2015 12:00:00 AM,04/17/2015 12:00:00 AM,,Adan Mohammed,Ag. Cabinet Secretary,"Agriculture, Livestock and Fisheries",South Nyanza Sugar Company,36,Appointed ,m,,,133
2884,01/01/2015 12:00:00 AM,The State Corporations Act,446,Caleb Kiplagat,Member of the Board,04/21/2015 12:00:00 AM,04/17/2015 12:00:00 AM,,Adan Mohammed,Ag. Cabinet Secretary,"Agriculture, Livestock and Fisheries",South Nyanza Sugar Company,36,Appointed ,m,,,134
2885,01/01/2015 12:00:00 AM,"Kenya Veterinary Vaccines Production Institute Order, 1990 (L. N. 223 Of 1990)
",,Meroka Mbeche (Prof.),Member of the Board,04/21/2015 12:00:00 AM,04/17/2015 12:00:00 AM,,Adan Mohammed,Ag. Cabinet Secretary,"Agriculture, Livestock and Fisheries",Kenya Veterinary Vaccines Production Institute,36,Appointed ,m,,,135
2885,01/01/2015 12:00:00 AM,"Kenya Veterinary Vaccines Production Institute Order, 1990 (L. N. 223 Of 1990)
",,Robert Mburu,Member of the Board,04/21/2015 12:00:00 AM,04/17/2015 12:00:00 AM,,Adan Mohammed,Ag. Cabinet Secretary,"Agriculture, Livestock and Fisheries",Kenya Veterinary Vaccines Production Institute,36,Appointed ,m,,,136
2886,01/01/2015 12:00:00 AM,"Nyayo Tea Zones Development Corporation Order, 2002 (L. N. 30 Of 2002)",,Naomy Wanja Kathurima,Member of the Board,04/21/2015 12:00:00 AM,04/17/2015 12:00:00 AM,,Adan Mohammed,Ag. Cabinet Secretary,"Agriculture, Livestock and Fisheries",Nyayo Tea Zones Development Corporation,36,Appointed ,f,,,137
2887,01/01/2015 12:00:00 AM,Kenya Meat Commission Act ,363,James Lenayiara,Member of the Board,04/21/2015 12:00:00 AM,04/17/2015 12:00:00 AM,,Adan Mohammed,Ag. Cabinet Secretary,"Agriculture, Livestock and Fisheries",Kenya Meat Commission,36,Appointed ,m,,,138
2887,01/01/2015 12:00:00 AM,Kenya Meat Commission Act ,363,Francis Sigei,Member of the Board,04/21/2015 12:00:00 AM,04/17/2015 12:00:00 AM,,Adan Mohammed,Ag. Cabinet Secretary,"Agriculture, Livestock and Fisheries",Kenya Meat Commission,36,Appointed ,m,,,139
2887,01/01/2015 12:00:00 AM,Kenya Meat Commission Act ,363,Hassan Jelle Hussein,Member of the Board,04/21/2015 12:00:00 AM,04/17/2015 12:00:00 AM,,Adan Mohammed,Ag. Cabinet Secretary,"Agriculture, Livestock and Fisheries",Kenya Meat Commission,36,Appointed ,m,,,140
2887,01/01/2015 12:00:00 AM,Kenya Meat Commission Act ,363,Chrispus Kariuki Wanjira,Member of the Board,04/21/2015 12:00:00 AM,04/17/2015 12:00:00 AM,,Adan Mohammed,Ag. Cabinet Secretary,"Agriculture, Livestock and Fisheries",Kenya Meat Commission,36,Appointed ,m,,,141
2887,01/01/2015 12:00:00 AM,Kenya Meat Commission Act ,363,Elizabeth Merimug,Member of the Board,04/21/2015 12:00:00 AM,04/17/2015 12:00:00 AM,,Adan Mohammed,Ag. Cabinet Secretary,"Agriculture, Livestock and Fisheries",Kenya Meat Commission,36,Appointed ,f,,,142
2887,01/01/2015 12:00:00 AM,Kenya Meat Commission Act ,363,Rashid Ali,Member of the Board,04/21/2015 12:00:00 AM,04/17/2015 12:00:00 AM,,Adan Mohammed,Ag. Cabinet Secretary,"Agriculture, Livestock and Fisheries",Kenya Meat Commission,36,Appointed ,m,,,143
2888,01/01/2015 12:00:00 AM,Irrigation Act ,,Isack Kipyego Maiyo,Member of the Board,,04/17/2015 12:00:00 AM,,Adan Mohammed,Ag. Cabinet Secretary,"Agriculture, Livestock and Fisheries",National Irrigation Board,36,Appointed ,m,,,144
2888,01/01/2015 12:00:00 AM,Irrigation Act ,,Pacifica Wekesa,Member of the Board,,04/17/2015 12:00:00 AM,,Adan Mohammed,Ag. Cabinet Secretary,"Agriculture, Livestock and Fisheries",National Irrigation Board,36,Appointed ,m,,,145
2888,01/01/2015 12:00:00 AM,Irrigation Act ,,Teresa Muthoni Mushira,Member of the Board,,04/17/2015 12:00:00 AM,,Adan Mohammed,Ag. Cabinet Secretary,"Agriculture, Livestock and Fisheries",National Irrigation Board,36,Appointed ,f,,,146
2888,01/01/2015 12:00:00 AM,Irrigation Act ,,Francis Gichuki (Dr.),Member of the Board,,04/17/2015 12:00:00 AM,,Adan Mohammed,Ag. Cabinet Secretary,"Agriculture, Livestock and Fisheries",National Irrigation Board,36,Appointed ,m,,,147
2888,01/01/2015 12:00:00 AM,Irrigation Act ,,Japheth Rutere (Eng.),Member of the Board,,04/17/2015 12:00:00 AM,,Adan Mohammed,Ag. Cabinet Secretary,"Agriculture, Livestock and Fisheries",National Irrigation Board,36,Appointed ,m,,,148
2888,01/01/2015 12:00:00 AM,Irrigation Act ,,Anna Kina Nyambu,Member of the Board,,04/17/2015 12:00:00 AM,,Adan Mohammed,Ag. Cabinet Secretary,"Agriculture, Livestock and Fisheries",National Irrigation Board,36,Appointed ,f,,,149
2889,01/01/2015 12:00:00 AM,The State Corporations Act,446,Margaret Saitoti,Member of the Board,04/21/2015 12:00:00 AM,04/17/2015 12:00:00 AM,,Henry Rotich,Ag. Cabinet Secretary,Energy and Petroleum,National Oil Corporation Of Kenya ,36,Appointed ,f,,,150
2889,01/01/2015 12:00:00 AM,The State Corporations Act,446,Joseph Rutumoi (Dr.),Member of the Board,04/21/2015 12:00:00 AM,04/17/2015 12:00:00 AM,,Henry Rotich,Ag. Cabinet Secretary,Energy and Petroleum,National Oil Corporation Of Kenya ,36,Appointed ,m,,,151
2889,01/01/2015 12:00:00 AM,The State Corporations Act,446,Simon Gakunda,Member of the Board,04/21/2015 12:00:00 AM,04/17/2015 12:00:00 AM,,Henry Rotich,Ag. Cabinet Secretary,Energy and Petroleum,National Oil Corporation Of Kenya ,36,Appointed ,m,,,152
2889,01/01/2015 12:00:00 AM,The State Corporations Act,446,Kibuga Kareithi,Member of the Board,04/21/2015 12:00:00 AM,04/17/2015 12:00:00 AM,,Henry Rotich,Ag. Cabinet Secretary,Energy and Petroleum,National Oil Corporation Of Kenya ,36,Appointed ,m,,,153
2889,01/01/2015 12:00:00 AM,The State Corporations Act,446,Benard Kitur Rono,Member of the Board,04/21/2015 12:00:00 AM,04/17/2015 12:00:00 AM,,Henry Rotich,Ag. Cabinet Secretary,Energy and Petroleum,National Oil Corporation Of Kenya ,36,Appointed ,m,,,154
2890,01/01/2015 12:00:00 AM,Energy Act (No. 12 Of 2006),,Mutuma Nkanata,Member of the Board,04/21/2015 12:00:00 AM,04/17/2015 12:00:00 AM,,Henry Rotich,Ag. Cabinet Secretary,Energy and Petroleum,Rural Electrification Authority,36,Appointed ,m,,,155
2890,01/01/2015 12:00:00 AM,Energy Act (No. 12 Of 2006),,Elisha Akech (Eng.),Member of the Board,04/21/2015 12:00:00 AM,04/17/2015 12:00:00 AM,,Henry Rotich,Ag. Cabinet Secretary,Energy and Petroleum,Rural Electrification Authority,36,Appointed ,m,,,156
2890,01/01/2015 12:00:00 AM,Energy Act (No. 12 Of 2006),,Josephine Muritu,Member of the Board,04/21/2015 12:00:00 AM,04/17/2015 12:00:00 AM,,Henry Rotich,Ag. Cabinet Secretary,Energy and Petroleum,Rural Electrification Authority,36,Appointed ,f,,,157
2890,01/01/2015 12:00:00 AM,Energy Act (No. 12 Of 2006),,Otwani Justus Oufridas,Member of the Board,04/21/2015 12:00:00 AM,04/17/2015 12:00:00 AM,,Henry Rotich,Ag. Cabinet Secretary,Energy and Petroleum,Rural Electrification Authority,36,Appointed ,m,,,158
2890,01/01/2015 12:00:00 AM,Energy Act (No. 12 Of 2006),,Benard Kipsang Rop (Dr.),Member of the Board,04/21/2015 12:00:00 AM,04/17/2015 12:00:00 AM,,Henry Rotich,Ag. Cabinet Secretary,Energy and Petroleum,Rural Electrification Authority,36,Appointed ,m,,,159
2890,01/01/2015 12:00:00 AM,Energy Act (No. 12 Of 2006),,Jonas Kuko Misto Vincent,Member of the Board,04/21/2015 12:00:00 AM,04/17/2015 12:00:00 AM,,Henry Rotich,Ag. Cabinet Secretary,Energy and Petroleum,Rural Electrification Authority,36,Appointed ,m,,,160
2890,01/01/2015 12:00:00 AM,Energy Act (No. 12 Of 2006),,Goretti Nyariki,Member of the Board,04/21/2015 12:00:00 AM,04/17/2015 12:00:00 AM,,Henry Rotich,Ag. Cabinet Secretary,Energy and Petroleum,Rural Electrification Authority,36,Appointed ,f,,,161
2891,01/01/2015 12:00:00 AM,Energy Act (No. 12 Of 2006),,Eric Nyamunga (Prof.),Commisioners,04/21/2015 12:00:00 AM,04/17/2015 12:00:00 AM,,Henry Rotich,Ag. Cabinet Secretary,Energy and Petroleum,Energy Reculation Commision,36,Appointed ,m,,,162
2891,01/01/2015 12:00:00 AM,Energy Act (No. 12 Of 2006),,Dinah Chelimo Chelai,Commisioners,04/21/2015 12:00:00 AM,04/17/2015 12:00:00 AM,,Henry Rotich,Ag. Cabinet Secretary,Energy and Petroleum,Energy Reculation Commision,36,Appointed ,,,,163
2891,01/01/2015 12:00:00 AM,Energy Act (No. 12 Of 2006),,Mary C. Muyandi (Dr.),Commisioners,04/21/2015 12:00:00 AM,04/17/2015 12:00:00 AM,,Henry Rotich,Ag. Cabinet Secretary,Energy and Petroleum,Energy Reculation Commision,36,Appointed ,f,,,164
2891,01/01/2015 12:00:00 AM,Energy Act (No. 12 Of 2006),,Samuel Nyanchama Maugo (Eng.),Commisioners,04/21/2015 12:00:00 AM,04/17/2015 12:00:00 AM,,Henry Rotich,Ag. Cabinet Secretary,Energy and Petroleum,Energy Reculation Commision,36,Appointed ,m,,,165
2892,01/01/2015 12:00:00 AM,The State Corporations Act,446,Salaton Letaipan,Member of the Board,04/21/2015 12:00:00 AM,04/17/2015 12:00:00 AM,,Henry Rotich,Ag. Cabinet Secretary,Energy and Petroleum,Geothermal Development Company Limited,36,Appointed ,,,,166
2892,01/01/2015 12:00:00 AM,The State Corporations Act,446,Michael Ogwapit,Member of the Board,04/21/2015 12:00:00 AM,04/17/2015 12:00:00 AM,,Henry Rotich,Ag. Cabinet Secretary,Energy and Petroleum,Geothermal Development Company Limited,36,Appointed ,m,,,167
2892,01/01/2015 12:00:00 AM,The State Corporations Act,446,Stephen Njiru (Dr.),Member of the Board,04/21/2015 12:00:00 AM,04/17/2015 12:00:00 AM,,Henry Rotich,Ag. Cabinet Secretary,Energy and Petroleum,Geothermal Development Company Limited,36,Appointed ,m,,,168
2892,01/01/2015 12:00:00 AM,The State Corporations Act,446,Florence Chepng’etich Bore,Member of the Board,04/21/2015 12:00:00 AM,04/17/2015 12:00:00 AM,,Henry Rotich,Ag. Cabinet Secretary,Energy and Petroleum,Geothermal Development Company Limited,36,Appointed ,f,,,169
2893,01/01/2015 12:00:00 AM,The State Corporations Act,446,Marwa Kemero Maisori,Member of the Board,04/21/2015 12:00:00 AM,04/17/2015 12:00:00 AM,,Henry Rotich,Ag. Cabinet Secretary,Energy and Petroleum,Kenya Pipeline Company Limited,36,Appointed ,,,,170
2893,01/01/2015 12:00:00 AM,The State Corporations Act,446,Jerry Simu,Member of the Board,04/21/2015 12:00:00 AM,04/17/2015 12:00:00 AM,,Henry Rotich,Ag. Cabinet Secretary,Energy and Petroleum,Kenya Pipeline Company Limited,36,Appointed ,m,,,171
2893,01/01/2015 12:00:00 AM,The State Corporations Act,446,Faith Jepkemboi Bett-Boinett,Member of the Board,04/21/2015 12:00:00 AM,04/17/2015 12:00:00 AM,,Henry Rotich,Ag. Cabinet Secretary,Energy and Petroleum,Kenya Pipeline Company Limited,36,Appointed ,f,,,172
2894,01/01/2015 12:00:00 AM,Companies Act ,486,joakim Kiarie Kamere,Member of the Board,04/21/2015 12:00:00 AM,04/17/2015 12:00:00 AM,,Henry Rotich,Ag. Cabinet Secretary,Energy and Petroleum,Kenya Electricity Transmission Company Limited ,36,Appointed ,m,,,173
2894,01/01/2015 12:00:00 AM,Companies Act ,486,Namada Simani,Member of the Board,04/21/2015 12:00:00 AM,04/17/2015 12:00:00 AM,,Henry Rotich,Ag. Cabinet Secretary,Energy and Petroleum,Kenya Electricity Transmission Company Limited ,36,Appointed ,m,,,174
2894,01/01/2015 12:00:00 AM,Companies Act ,486,Philip Mongony,Member of the Board,04/21/2015 12:00:00 AM,04/17/2015 12:00:00 AM,,Henry Rotich,Ag. Cabinet Secretary,Energy and Petroleum,Kenya Electricity Transmission Company Limited ,36,Appointed ,m,,,175
2894,01/01/2015 12:00:00 AM,Companies Act ,486,Grace Ndugu,Member of the Board,04/21/2015 12:00:00 AM,04/17/2015 12:00:00 AM,,Henry Rotich,Ag. Cabinet Secretary,Energy and Petroleum,Kenya Electricity Transmission Company Limited ,36,Appointed ,f,,,176
2894,01/01/2015 12:00:00 AM,Companies Act ,486,Kariuki Muraya,Member of the Board,04/21/2015 12:00:00 AM,04/17/2015 12:00:00 AM,,Henry Rotich,Ag. Cabinet Secretary,Energy and Petroleum,Kenya Electricity Transmission Company Limited ,36,Appointed ,m,,,177
2894,01/01/2015 12:00:00 AM,Companies Act ,486,Patience Nyaoga,Member of the Board,04/21/2015 12:00:00 AM,04/17/2015 12:00:00 AM,,Henry Rotich,Ag. Cabinet Secretary,Energy and Petroleum,Kenya Electricity Transmission Company Limited ,36,Appointed ,f,,,178
2895,01/01/2015 12:00:00 AM,The State Corporations Act,446,Wenwa Akinyi Odinga (Dr.),Member of the Board,04/21/2015 12:00:00 AM,04/17/2015 12:00:00 AM,,James Mach Aria,Cabinet Secretary,Health,Kenya Medical Research Institute,36,Appointed ,f,,,179
2895,01/01/2015 12:00:00 AM,The State Corporations Act,446,Joseph Mutai (Dr.),Member of the Board,04/21/2015 12:00:00 AM,04/17/2015 12:00:00 AM,,James Mach Aria,Cabinet Secretary,Health,Kenya Medical Research Institute,36,Appointed ,m,,,180
2896,01/01/2015 12:00:00 AM,"Kenya Medical Training College Act, 1990 (No. 14 Of 1990)",,Githiga Mwangi,Member of the Board,04/21/2015 12:00:00 AM,04/17/2015 12:00:00 AM,,James Mach Aria,Cabinet Secretary,Health,Kenya Medical Training College,36,Appointed ,m,,,181
2896,01/01/2015 12:00:00 AM,"Kenya Medical Training College Act, 1990 (No. 14 Of 1990)",,David Kibet Kemei,Member of the Board,04/21/2015 12:00:00 AM,04/17/2015 12:00:00 AM,,James Mach Aria,Cabinet Secretary,Health,Kenya Medical Training College,36,Appointed ,m,,,182
2897,01/01/2015 12:00:00 AM,"The Kenyatta National Hospital Board Order, 1987 (L.N 109/1987)",,Daniel Githegi,Member of the Board,04/21/2015 12:00:00 AM,04/17/2015 12:00:00 AM,,James Mach Aria,Cabinet Secretary,Health,Kenyatta National Hospital,36,Appointed ,m,,,183
2897,01/01/2015 12:00:00 AM,"The Kenyatta National Hospital Board Order, 1987 (L.N 109/1987)",,Hellen C. Yego (Dr.),Member of the Board,04/21/2015 12:00:00 AM,04/17/2015 12:00:00 AM,,James Mach Aria,Cabinet Secretary,Health,Kenyatta National Hospital,36,Appointed ,f,,,184
2897,01/01/2015 12:00:00 AM,"The Kenyatta National Hospital Board Order, 1987 (L.N 109/1987)",,Robert Thuo Kamau (Dr.),Member of the Board,04/21/2015 12:00:00 AM,04/17/2015 12:00:00 AM,,James Mach Aria,Cabinet Secretary,Health,Kenyatta National Hospital,36,Appointed ,m,,,185
2897,01/01/2015 12:00:00 AM,"The Kenyatta National Hospital Board Order, 1987 (L.N 109/1987)",,Lawrence Oginga Omire,Member of the Board,,,04/21/2015 12:00:00 AM,James Mach Aria,Cabinet Secretary,Health,Kenyatta National Hospital,,Revoked ,m,210,,186
2897,01/01/2015 12:00:00 AM,"The Kenyatta National Hospital Board Order, 1987 (L.N 109/1987)",,Mary Wambui Mungai And ,Member of the Board,,,04/21/2015 12:00:00 AM,James Mach Aria,Cabinet Secretary,Health,Kenyatta National Hospital,,Revoked ,f,210,,187
2897,01/01/2015 12:00:00 AM,"The Kenyatta National Hospital Board Order, 1987 (L.N 109/1987)",,Achola O. Pala ,Member of the Board,,,04/21/2015 12:00:00 AM,James Mach Aria,Cabinet Secretary,Health,Kenyatta National Hospital,,Revoked ,m,210,,188
2898,01/01/2015 12:00:00 AM,Companies Act ,,Mwikali Mugachia (Dr.),Member of the Board,04/22/2015 12:00:00 AM,04/17/2015 12:00:00 AM,,Jacob Kaimenyi,Cabinet Secretary,"Education, Science and Technology",Jomo Kenyatta Foundation,36,Appointed ,f,,,189
2898,01/01/2015 12:00:00 AM,Companies Act ,,Hudson A. Liyai,Member of the Board,04/22/2015 12:00:00 AM,04/17/2015 12:00:00 AM,,Jacob Kaimenyi,Cabinet Secretary,"Education, Science and Technology",Jomo Kenyatta Foundation,36,Appointed ,m,,,190
2898,01/01/2015 12:00:00 AM,Companies Act ,,Simon Watenga,Member of the Board,04/22/2015 12:00:00 AM,04/17/2015 12:00:00 AM,,Jacob Kaimenyi,Cabinet Secretary,"Education, Science and Technology",Jomo Kenyatta Foundation,36,Appointed ,m,,,191
2898,01/01/2015 12:00:00 AM,Companies Act ,,Doreen Kathure,Member of the Board,04/22/2015 12:00:00 AM,04/17/2015 12:00:00 AM,,Jacob Kaimenyi,Cabinet Secretary,"Education, Science and Technology",Jomo Kenyatta Foundation,36,Appointed ,f,,,192
2899,01/01/2015 12:00:00 AM,Civil Aviation Act (No. 21 Of 2013),,Samuel Poghisio,Chairperson,04/21/2015 12:00:00 AM,04/17/2015 12:00:00 AM,,James Mach Aria,Ag. Cabinet Secretary,Transport and Infrastructure,Kenya Civil Aviation Authority,36,Appointed ,m,,,193
2900,01/01/2015 12:00:00 AM,Kenya Ports Authority Act (Cap. 391),391,Marsden Madoka,Chairperson,04/21/2015 12:00:00 AM,04/17/2015 12:00:00 AM,,James Mach Aria,Ag. Cabinet Secretary,Transport and Infrastructure,Kenya Ports Authority,36,Appointed ,,,,194
2901,01/01/2015 12:00:00 AM,Kenya Maritime Authority Act ,370,Eric Chenje Mwachiro (Prof.),Member of the Board,04/21/2015 12:00:00 AM,04/17/2015 12:00:00 AM,,James Mach Aria,Ag. Cabinet Secretary,Transport and Infrastructure,Kenya Maritime Authority,36,Appointed ,m,,,195
2901,01/01/2015 12:00:00 AM,Kenya Maritime Authority Act ,370,Anthony Rop,Member of the Board,04/21/2015 12:00:00 AM,04/17/2015 12:00:00 AM,,James Mach Aria,Ag. Cabinet Secretary,Transport and Infrastructure,Kenya Maritime Authority,36,Appointed ,m,,,196
2901,01/01/2015 12:00:00 AM,Kenya Maritime Authority Act ,370,ismail Said Mboya,Member of the Board,04/21/2015 12:00:00 AM,04/17/2015 12:00:00 AM,,James Mach Aria,Ag. Cabinet Secretary,Transport and Infrastructure,Kenya Maritime Authority,36,Appointed ,m,,,197
2901,01/01/2015 12:00:00 AM,Kenya Maritime Authority Act ,370,Nancy W. Karigithu,Member of the Board,04/21/2015 12:00:00 AM,04/17/2015 12:00:00 AM,,James Mach Aria,Ag. Cabinet Secretary,Transport and Infrastructure,Kenya Maritime Authority,36,Appointed ,f,,,198
2902,01/01/2015 12:00:00 AM,Kenya Ferry Services Limited ,486,Mshenga Vuyaa Ruga,Member of the Board,04/21/2015 12:00:00 AM,04/17/2015 12:00:00 AM,,James Mach Aria,Ag. Cabinet Secretary,Transport and Infrastructure,Kenya Ferry Services Limited,36,Appointed ,,,,199
2902,01/01/2015 12:00:00 AM,Kenya Ferry Services Limited ,486,Bwanahamadi Mohamed Bwana,Member of the Board,04/21/2015 12:00:00 AM,04/17/2015 12:00:00 AM,,James Mach Aria,Ag. Cabinet Secretary,Transport and Infrastructure,Kenya Ferry Services Limited,36,Appointed ,,,,200
2903,01/01/2015 12:00:00 AM,Kenya Railways Corporation Act ,397,Hellen Nyaruai Wamuga,Member of the Board,04/21/2015 12:00:00 AM,04/17/2015 12:00:00 AM,,James Mach Aria,Ag. Cabinet Secretary,Transport and Infrastructure,Kenya Railways Corporation,36,Appointed ,f,,,201
2903,01/01/2015 12:00:00 AM,Kenya Railways Corporation Act ,397,Joseph Kipketer Cheruiyot,Member of the Board,04/21/2015 12:00:00 AM,04/17/2015 12:00:00 AM,,James Mach Aria,Ag. Cabinet Secretary,Transport and Infrastructure,Kenya Railways Corporation,36,Appointed ,m,,,202
2903,01/01/2015 12:00:00 AM,Kenya Railways Corporation Act ,397,Kimanthi Maingi,Member of the Board,04/21/2015 12:00:00 AM,04/17/2015 12:00:00 AM,,James Mach Aria,Ag. Cabinet Secretary,Transport and Infrastructure,Kenya Railways Corporation,36,Appointed ,m,,,203
2904,01/01/2015 12:00:00 AM,Civil Aviation Act (No. 21 0f 2013),,Judy Nyachae (Cpt.),Member of the Board,04/21/2015 12:00:00 AM,04/17/2015 12:00:00 AM,,James Mach Aria,Ag. Cabinet Secretary,Transport and Infrastructure,Kenya Civil Aviation Authority ,36,Appointed ,f,,,204
2904,01/01/2015 12:00:00 AM,Civil Aviation Act (No. 21 0f 2013),,Charles Mwanzia (Mj. Rtd.),Member of the Board,04/21/2015 12:00:00 AM,04/17/2015 12:00:00 AM,,James Mach Aria,Ag. Cabinet Secretary,Transport and Infrastructure,Kenya Civil Aviation Authority ,36,Appointed ,m,,,205
2904,01/01/2015 12:00:00 AM,Civil Aviation Act (No. 21 0f 2013),,Lucy Wanjiru Karume,Member of the Board,04/21/2015 12:00:00 AM,04/17/2015 12:00:00 AM,,James Mach Aria,Ag. Cabinet Secretary,Transport and Infrastructure,Kenya Civil Aviation Authority ,36,Appointed ,f,,,206
2904,01/01/2015 12:00:00 AM,Civil Aviation Act (No. 21 0f 2013),, Peter Mutie,Member of the Board,04/21/2015 12:00:00 AM,04/17/2015 12:00:00 AM,,James Mach Aria,Ag. Cabinet Secretary,Transport and Infrastructure,Kenya Civil Aviation Authority ,36,Appointed ,m,,,207
2904,01/01/2015 12:00:00 AM,Civil Aviation Act (No. 21 0f 2013),,Chris Kuto,Member of the Board,04/21/2015 12:00:00 AM,04/17/2015 12:00:00 AM,,James Mach Aria,Ag. Cabinet Secretary,Transport and Infrastructure,Kenya Civil Aviation Authority ,36,Appointed ,m,,,208
2905,01/01/2015 12:00:00 AM,Kenya Aiports Authority Act ,395,Joseph B. Mutiso,Member of the Board,04/21/2015 12:00:00 AM,04/17/2015 12:00:00 AM,,James Mach Aria,Ag. Cabinet Secretary,Transport and Infrastructure,Kenya Airports Authority,36,Appointed ,m,,,209
2905,01/01/2015 12:00:00 AM,Kenya Aiports Authority Act ,395,Kevin Kihara,Member of the Board,04/21/2015 12:00:00 AM,04/17/2015 12:00:00 AM,,James Mach Aria,Ag. Cabinet Secretary,Transport and Infrastructure,Kenya Airports Authority,36,Appointed ,m,,,210
2906,01/01/2015 12:00:00 AM,Kenya Ports Authority Act ,391,Steven L’okedi,Member of the Board,04/21/2015 12:00:00 AM,04/17/2015 12:00:00 AM,,James Mach Aria,Ag. Cabinet Secretary,Transport and Infrastructure,Kenya Ports Authority ,36,Appointed ,m,,,211
2906,01/01/2015 12:00:00 AM,Kenya Ports Authority Act ,391,Hafswa Abdalla Dele,Member of the Board,04/21/2015 12:00:00 AM,04/17/2015 12:00:00 AM,,James Mach Aria,Ag. Cabinet Secretary,Transport and Infrastructure,Kenya Ports Authority ,36,Appointed ,m,,,212
2906,01/01/2015 12:00:00 AM,Kenya Ports Authority Act ,391,Fred Kirui (Eng.),Member of the Board,04/21/2015 12:00:00 AM,04/17/2015 12:00:00 AM,,James Mach Aria,Ag. Cabinet Secretary,Transport and Infrastructure,Kenya Ports Authority ,36,Appointed ,m,,,213
2906,01/01/2015 12:00:00 AM,Kenya Ports Authority Act ,391,Kennedy Ogeto,Member of the Board,04/21/2015 12:00:00 AM,04/17/2015 12:00:00 AM,,James Mach Aria,Ag. Cabinet Secretary,Transport and Infrastructure,Kenya Ports Authority ,36,Appointed ,m,,,214
2907,01/01/2015 12:00:00 AM,"Wildlife Conservation And Management Act, 2013",, Peter Kinyua,Member of the Board,04/26/2015 12:00:00 AM,04/17/2015 12:00:00 AM,,Judi Wakhungu,Cabinet Secretary,"Environment, Water And Natural Resources",Kenya Wildlife Service,36,Appointed ,m,,,215
2907,01/01/2015 12:00:00 AM,"Wildlife Conservation And Management Act, 2013",,Brian Heath,Member of the Board,04/26/2015 12:00:00 AM,04/17/2015 12:00:00 AM,,Judi Wakhungu,Cabinet Secretary,"Environment, Water And Natural Resources",Kenya Wildlife Service,36,Appointed ,m,,,216
2908,01/01/2015 12:00:00 AM,"The Environmental Management And Co¬ordination Act,1999 (No. 8 Of 1999)
",,Naumy Jeptanui,Trustee,04/26/2015 12:00:00 AM,04/17/2015 12:00:00 AM,,Judi Wakhungu,Cabinet Secretary,"Environment, Water And Natural Resources",National Environment Trust Fund,36,Appointed ,f,,,217
2908,01/01/2015 12:00:00 AM,"The Environmental Management And Co¬ordination Act,1999 (No. 8 Of 1999)
",,Brian Ptoton (Dr.),Trustee,04/26/2015 12:00:00 AM,04/17/2015 12:00:00 AM,,Judi Wakhungu,Cabinet Secretary,"Environment, Water And Natural Resources",National Environment Trust Fund,36,Appointed ,m,,,218
2908,01/01/2015 12:00:00 AM,"The Environmental Management And Co¬ordination Act,1999 (No. 8 Of 1999)
",,ntwiga Wiberforce Muriungi,Trustee,04/26/2015 12:00:00 AM,04/17/2015 12:00:00 AM,,Judi Wakhungu,Cabinet Secretary,"Environment, Water And Natural Resources",National Environment Trust Fund,36,Appointed ,,,,219
2908,01/01/2015 12:00:00 AM,"The Environmental Management And Co¬ordination Act,1999 (No. 8 Of 1999)
",,Losenge Trop,Trustee,04/26/2015 12:00:00 AM,04/17/2015 12:00:00 AM,,Judi Wakhungu,Cabinet Secretary,"Environment, Water And Natural Resources",National Environment Trust Fund,36,Appointed ,,,,220
2909,01/01/2015 12:00:00 AM,Water Act (No. 8 Of2002),,Joseph Lagat,Chairperson,04/26/2015 12:00:00 AM,04/17/2015 12:00:00 AM,,Judi Wakhungu,Cabinet Secretary,"Environment, Water And Natural Resources",Lake Victoria North Water Services Board,36,Appointed ,m,,,221
2910,01/01/2015 12:00:00 AM,Water Act (No. 8 Of2002),,Hezron Ripko,Member of the Board,04/26/2015 12:00:00 AM,04/17/2015 12:00:00 AM,,Judi Wakhungu,Cabinet Secretary,"Environment, Water And Natural Resources",Lake Victoria North Water Services Board,36,Appointed ,,,,222
2911,01/01/2015 12:00:00 AM,Water Act (No. 8 Of2002),,John Kitilit,Chairperson,04/26/2015 12:00:00 AM,04/17/2015 12:00:00 AM,,Judi Wakhungu,Cabinet Secretary,"Environment, Water And Natural Resources",Rift Valley Water Services Board,36,Appointed ,m,,,223
2912,01/01/2015 12:00:00 AM,Water Act (No. 8 Of2002),,mwangi Kiunjuri,Chairperson,04/26/2015 12:00:00 AM,04/17/2015 12:00:00 AM,,Judi Wakhungu,Cabinet Secretary,"Environment, Water And Natural Resources",Athi Water Services Board,36,Appointed ,m,,,224
2912,01/01/2015 12:00:00 AM,Water Act (No. 8 Of2002),,Macharia Irungu (Dr,Chairperson,,,04/26/2015 12:00:00 AM,Judi Wakhungu,Cabinet Secretary,"Environment, Water And Natural Resources",Athi Water Services Board,,Revoked ,m,2679,,225
2914,01/01/2015 12:00:00 AM,Water Act (No. 8 Of2002),,George Ayugi,Member of the Board,,04/17/2015 12:00:00 AM,,Judi Wakhungu,Cabinet Secretary,"Environment, Water And Natural Resources",Lake Victoria North Water Services Board,36,Appointed ,m,,,226
2914,01/01/2015 12:00:00 AM,Water Act (No. 8 Of2002),,Rosemary Rumo,Member of the Board,,04/17/2015 12:00:00 AM,,Judi Wakhungu,Cabinet Secretary,"Environment, Water And Natural Resources",Lake Victoria North Water Services Board,36,Appointed ,f,,,227
2914,01/01/2015 12:00:00 AM,Water Act (No. 8 Of2002),,Violet Omwamba,Member of the Board,,04/17/2015 12:00:00 AM,,Judi Wakhungu,Cabinet Secretary,"Environment, Water And Natural Resources",Lake Victoria North Water Services Board,36,Appointed ,f,,,228
2914,01/01/2015 12:00:00 AM,Water Act (No. 8 Of2002),,Hellen Makone,Member of the Board,,04/17/2015 12:00:00 AM,,Judi Wakhungu,Cabinet Secretary,"Environment, Water And Natural Resources",Lake Victoria North Water Services Board,36,Appointed ,f,,,229
2914,01/01/2015 12:00:00 AM,Water Act (No. 8 Of2002),,Betty Korir (Dr.),Member of the Board,,04/17/2015 12:00:00 AM,,Judi Wakhungu,Cabinet Secretary,"Environment, Water And Natural Resources",Lake Victoria North Water Services Board,36,Appointed ,f,,,230
2914,01/01/2015 12:00:00 AM,Water Act (No. 8 Of2002),,Andrew Sunkuli,Member of the Board,,04/17/2015 12:00:00 AM,,Judi Wakhungu,Cabinet Secretary,"Environment, Water And Natural Resources",Lake Victoria North Water Services Board,36,Appointed ,m,,,231
2914,01/01/2015 12:00:00 AM,Water Act (No. 8 Of2002),,Hilary Alila,Member of the Board,,04/17/2015 12:00:00 AM,,Judi Wakhungu,Cabinet Secretary,"Environment, Water And Natural Resources",Lake Victoria North Water Services Board,36,Appointed ,,,,232
2913,01/01/2015 12:00:00 AM,Water Act (No. 8 Of2002),,Charles Maywa Chedotum,Member of the Board,,04/17/2015 12:00:00 AM,,Judi Wakhungu,Cabinet Secretary,"Environment, Water And Natural Resources",Rift Valley Water Services Board,36,Appointed ,m,,,233
2913,01/01/2015 12:00:00 AM,Water Act (No. 8 Of2002),,Margaret Macharia,Member of the Board,,04/17/2015 12:00:00 AM,,Judi Wakhungu,Cabinet Secretary,"Environment, Water And Natural Resources",Rift Valley Water Services Board,36,Appointed ,f,,,234
2913,01/01/2015 12:00:00 AM,Water Act (No. 8 Of2002),,Elijah Kimanyim,Member of the Board,,04/17/2015 12:00:00 AM,,Judi Wakhungu,Cabinet Secretary,"Environment, Water And Natural Resources",Rift Valley Water Services Board,36,Appointed ,m,,,235
2913,01/01/2015 12:00:00 AM,Water Act (No. 8 Of2002),,Oliver Lowoton,Member of the Board,,04/17/2015 12:00:00 AM,,Judi Wakhungu,Cabinet Secretary,"Environment, Water And Natural Resources",Rift Valley Water Services Board,36,Appointed ,m,,,236
2913,01/01/2015 12:00:00 AM,Water Act (No. 8 Of2002),,Daniel Setai,Member of the Board,,04/17/2015 12:00:00 AM,,Judi Wakhungu,Cabinet Secretary,"Environment, Water And Natural Resources",Rift Valley Water Services Board,36,Appointed ,m,,,237
2913,01/01/2015 12:00:00 AM,Water Act (No. 8 Of2002),,Jane Wambui Mburu,Member of the Board,,04/17/2015 12:00:00 AM,,Judi Wakhungu,Cabinet Secretary,"Environment, Water And Natural Resources",Rift Valley Water Services Board,36,Appointed ,f,,,238
2915,01/01/2015 12:00:00 AM,Water Act (No. 8 Of2002),,Joseph Ngugi,Member of the Board,04/26/2015 12:00:00 AM,04/17/2015 12:00:00 AM,,Judi Wakhungu,Cabinet Secretary,"Environment, Water And Natural Resources",Tana Water Services Board,36,Appointed ,m,,,239
2915,01/01/2015 12:00:00 AM,Water Act (No. 8 Of2002),,Muriithi Wa Kangara,Member of the Board,04/26/2015 12:00:00 AM,04/17/2015 12:00:00 AM,,Judi Wakhungu,Cabinet Secretary,"Environment, Water And Natural Resources",Tana Water Services Board,36,Appointed ,m,,,240
2915,01/01/2015 12:00:00 AM,Water Act (No. 8 Of2002),,Doreen Nkirote,Member of the Board,04/26/2015 12:00:00 AM,04/17/2015 12:00:00 AM,,Judi Wakhungu,Cabinet Secretary,"Environment, Water And Natural Resources",Tana Water Services Board,36,Appointed ,f,,,241
2916,01/01/2015 12:00:00 AM,Water Act (No. 8 Of2002),,Mohammed Noor (Eng.),Member of the Board,04/26/2015 12:00:00 AM,04/17/2015 12:00:00 AM,,Judi Wakhungu,Cabinet Secretary,"Environment, Water And Natural Resources",Water Services Regulatory Board,36,Appointed ,m,,,242
2916,01/01/2015 12:00:00 AM,Water Act (No. 8 Of2002),,Eunice Karanja Wanjiru,Member of the Board,04/26/2015 12:00:00 AM,04/17/2015 12:00:00 AM,,Judi Wakhungu,Cabinet Secretary,"Environment, Water And Natural Resources",Water Services Regulatory Board,36,Appointed ,f,,,243
2916,01/01/2015 12:00:00 AM,Water Act (No. 8 Of2002),,Kalembe Ndile,Member of the Board,04/26/2015 12:00:00 AM,04/17/2015 12:00:00 AM,,Judi Wakhungu,Cabinet Secretary,"Environment, Water And Natural Resources",Water Services Regulatory Board,36,Appointed ,m,,,244
2916,01/01/2015 12:00:00 AM,Water Act (No. 8 Of2002),,James Mithika,Member of the Board,04/26/2015 12:00:00 AM,04/17/2015 12:00:00 AM,,Judi Wakhungu,Cabinet Secretary,"Environment, Water And Natural Resources",Water Services Regulatory Board,36,Appointed ,m,,,245
2916,01/01/2015 12:00:00 AM,Water Act (No. 8 Of2002),,Leah Ntimama,Member of the Board,04/26/2015 12:00:00 AM,04/17/2015 12:00:00 AM,,Judi Wakhungu,Cabinet Secretary,"Environment, Water And Natural Resources",Water Services Regulatory Board,36,Appointed ,f,,,246
2916,01/01/2015 12:00:00 AM,Water Act (No. 8 Of2002),,Paul Lolgisoi,Member of the Board,04/26/2015 12:00:00 AM,04/17/2015 12:00:00 AM,,Judi Wakhungu,Cabinet Secretary,"Environment, Water And Natural Resources",Water Services Regulatory Board,36,Appointed ,m,,,247
2917,01/01/2015 12:00:00 AM,Water Act (No. 8 Of2002),,Musikari Kombo,Chairperson,04/26/2015 12:00:00 AM,04/17/2015 12:00:00 AM,,Judi Wakhungu,Cabinet Secretary,"Environment, Water And Natural Resources",Water Services Trust Fund,36,Appointed ,m,,,248
2918,01/01/2015 12:00:00 AM,Water Act (No. 8 Of2002),,Granton Samboja,Chairperson,04/26/2015 12:00:00 AM,04/17/2015 12:00:00 AM,,Judi Wakhungu,Cabinet Secretary,"Environment, Water And Natural Resources",Coast Water Services Board,36,Appointed ,m,,,249
2919,01/01/2015 12:00:00 AM,Water Act (No. 8 Of2002),,John Koech,Chairperson,04/26/2015 12:00:00 AM,04/17/2015 12:00:00 AM,,Judi Wakhungu,Cabinet Secretary,"Environment, Water And Natural Resources","Lake Victoria South Water Services Board, ",36,Appointed ,m,,,250
2920,01/01/2015 12:00:00 AM,Water Act (No. 8 Of2002),,Jane F. Otieno,Member of the Board,,,04/26/2015 12:00:00 AM,Judi Wakhungu,Cabinet Secretary,"Environment, Water And Natural Resources",Athi Water Services Board ,,Revoked ,f,2679,,251
2920,01/01/2015 12:00:00 AM,Water Act (No. 8 Of2002),,Richard Kimani,Member of the Board,,,04/26/2015 12:00:00 AM,Judi Wakhungu,Cabinet Secretary,"Environment, Water And Natural Resources",Athi Water Services Board ,,Revoked ,m,2679,,252
2920,01/01/2015 12:00:00 AM,Water Act (No. 8 Of2002),,Gilbert Nyamweya,Member of the Board,,,04/26/2015 12:00:00 AM,Judi Wakhungu,Cabinet Secretary,"Environment, Water And Natural Resources",Athi Water Services Board ,,Revoked ,m,2679,,253
2920,01/01/2015 12:00:00 AM,Water Act (No. 8 Of2002),,Mohammed Shaiyah,Member of the Board,,,04/26/2015 12:00:00 AM,Judi Wakhungu,Cabinet Secretary,"Environment, Water And Natural Resources",Athi Water Services Board ,,Revoked ,m,2679,,254
2920,01/01/2015 12:00:00 AM,Water Act (No. 8 Of2002),,Maria Ligaga,Member of the Board,,,04/26/2015 12:00:00 AM,Judi Wakhungu,Cabinet Secretary,"Environment, Water And Natural Resources",Athi Water Services Board ,,Revoked ,f,2679,,255
2920,01/01/2015 12:00:00 AM,Water Act (No. 8 Of2002),,Winfred Mwelu Nzioki,Member of the Board,,,04/26/2015 12:00:00 AM,Judi Wakhungu,Cabinet Secretary,"Environment, Water And Natural Resources",Athi Water Services Board ,,Revoked ,f,2679,,256
2920,01/01/2015 12:00:00 AM,Water Act (No. 8 Of2002),,Joseph Kinuthia Kibochi ,Member of the Board,04/26/2015 12:00:00 AM,,,Judi Wakhungu,Cabinet Secretary,"Environment, Water And Natural Resources",Athi Water Services Board ,36,Appointed ,m,,,257
2920,01/01/2015 12:00:00 AM,Water Act (No. 8 Of2002),,Samson Ojiayo,Member of the Board,04/26/2015 12:00:00 AM,,,Judi Wakhungu,Cabinet Secretary,"Environment, Water And Natural Resources",Athi Water Services Board ,36,Appointed ,m,,,258
2921,01/01/2015 12:00:00 AM,Water Act (No. 8 Of2002),,Wavinya Ndeti,Trustee,04/26/2015 12:00:00 AM,04/17/2015 12:00:00 AM,,Judi Wakhungu,Cabinet Secretary,"Environment, Water And Natural Resources",Water Services Trust Fund,36,Appointed ,f,,,259
2921,01/01/2015 12:00:00 AM,Water Act (No. 8 Of2002),,Geoffrey K. Kiringa Ruku,Trustee,04/26/2015 12:00:00 AM,04/17/2015 12:00:00 AM,,Judi Wakhungu,Cabinet Secretary,"Environment, Water And Natural Resources",Water Services Trust Fund,36,Appointed ,m,,,260
2922,01/01/2015 12:00:00 AM,Water Act (No. 8 Of2002),,Faustin Mwangolo Mugendi,Member of the Board,04/26/2015 12:00:00 AM,04/17/2015 12:00:00 AM,,Judi Wakhungu,Cabinet Secretary,"Environment, Water And Natural Resources",Coast Water Services Board,36,Appointed ,m,,,261
2922,01/01/2015 12:00:00 AM,Water Act (No. 8 Of2002),,Joseph Kingi Kahindi,Member of the Board,04/26/2015 12:00:00 AM,04/17/2015 12:00:00 AM,,Judi Wakhungu,Cabinet Secretary,"Environment, Water And Natural Resources",Coast Water Services Board,36,Appointed ,m,,,262
2922,01/01/2015 12:00:00 AM,Water Act (No. 8 Of2002),,Mary Chiriba,Member of the Board,04/26/2015 12:00:00 AM,04/17/2015 12:00:00 AM,,Judi Wakhungu,Cabinet Secretary,"Environment, Water And Natural Resources",Coast Water Services Board,36,Appointed ,f,,,263
2922,01/01/2015 12:00:00 AM,Water Act (No. 8 Of2002),,Maymuna Abdulaziz,Member of the Board,04/26/2015 12:00:00 AM,04/17/2015 12:00:00 AM,,Judi Wakhungu,Cabinet Secretary,"Environment, Water And Natural Resources",Coast Water Services Board,36,Appointed ,m,,,264
2922,01/01/2015 12:00:00 AM,Water Act (No. 8 Of2002),,Gharib Suleiman Gharib (Major (Rtd)),Member of the Board,04/26/2015 12:00:00 AM,04/17/2015 12:00:00 AM,,Judi Wakhungu,Cabinet Secretary,"Environment, Water And Natural Resources",Coast Water Services Board,36,Appointed ,m,,,265
2922,01/01/2015 12:00:00 AM,Water Act (No. 8 Of2002),,Sammy Nyule Ngumbao,Member of the Board,,,04/26/2015 12:00:00 AM,Judi Wakhungu,Cabinet Secretary,"Environment, Water And Natural Resources",Coast Water Services Board,,Revoked ,m,2489,,266
2922,01/01/2015 12:00:00 AM,Water Act (No. 8 Of2002),,Margaret Nazi Runya,Member of the Board,,,04/26/2015 12:00:00 AM,Judi Wakhungu,Cabinet Secretary,"Environment, Water And Natural Resources",Coast Water Services Board,,Revoked ,f,2489,,267
2923,01/01/2015 12:00:00 AM,Water Act (No. 8 Of2002),,David L. Timado,Member of the Board,04/26/2015 12:00:00 AM,04/17/2015 12:00:00 AM,,Judi Wakhungu,Cabinet Secretary,"Environment, Water And Natural Resources",Northern Water Services Board,36,Appointed ,m,,,268
2923,01/01/2015 12:00:00 AM,Water Act (No. 8 Of2002),,Abdihakim Guhad Gabow,Member of the Board,04/26/2015 12:00:00 AM,04/17/2015 12:00:00 AM,,Judi Wakhungu,Cabinet Secretary,"Environment, Water And Natural Resources",Northern Water Services Board,36,Appointed ,m,,,269
2923,01/01/2015 12:00:00 AM,Water Act (No. 8 Of2002),,Aartifa Essa,Member of the Board,04/26/2015 12:00:00 AM,04/17/2015 12:00:00 AM,,Judi Wakhungu,Cabinet Secretary,"Environment, Water And Natural Resources",Northern Water Services Board,36,Appointed ,,,,270
2923,01/01/2015 12:00:00 AM,Water Act (No. 8 Of2002),,Al-Haji Abdi Baricha,Member of the Board,04/26/2015 12:00:00 AM,04/17/2015 12:00:00 AM,,Judi Wakhungu,Cabinet Secretary,"Environment, Water And Natural Resources",Northern Water Services Board,36,Appointed ,m,,,271
2923,01/01/2015 12:00:00 AM,Water Act (No. 8 Of2002),,Abdia Sheikh (Ms.),Member of the Board,04/26/2015 12:00:00 AM,04/17/2015 12:00:00 AM,,Judi Wakhungu,Cabinet Secretary,"Environment, Water And Natural Resources",Northern Water Services Board,36,Appointed ,f,,,272
2923,01/01/2015 12:00:00 AM,Water Act (No. 8 Of2002),,Jackson Lentoijoni,Member of the Board,04/26/2015 12:00:00 AM,04/17/2015 12:00:00 AM,,Judi Wakhungu,Cabinet Secretary,"Environment, Water And Natural Resources",Northern Water Services Board,36,Appointed ,m,,,273
2923,01/01/2015 12:00:00 AM,Water Act (No. 8 Of2002),,Leah Njeri,Member of the Board,04/26/2015 12:00:00 AM,04/17/2015 12:00:00 AM,,Judi Wakhungu,Cabinet Secretary,"Environment, Water And Natural Resources",Northern Water Services Board,36,Appointed ,f,,,274
2924,01/01/2015 12:00:00 AM,Forest Act,385,John Miriti,Member of the Board,04/26/2015 12:00:00 AM,04/17/2015 12:00:00 AM,,Judi Wakhungu,Cabinet Secretary,"Environment, Water And Natural Resources",Kenya Forests Service Board,36,Appointed ,m,,,275
2924,01/01/2015 12:00:00 AM,Forest Act,385,Naomi Apali Mogoria,Member of the Board,04/26/2015 12:00:00 AM,04/17/2015 12:00:00 AM,,Judi Wakhungu,Cabinet Secretary,"Environment, Water And Natural Resources",Kenya Forests Service Board,36,Appointed ,f,,,276
2924,01/01/2015 12:00:00 AM,Forest Act,385,Ben Sang,Member of the Board,04/26/2015 12:00:00 AM,04/17/2015 12:00:00 AM,,Judi Wakhungu,Cabinet Secretary,"Environment, Water And Natural Resources",Kenya Forests Service Board,36,Appointed ,m,,,277
2924,01/01/2015 12:00:00 AM,Forest Act,385,Gelas Simiyu Mose (Dr.),Member of the Board,04/26/2015 12:00:00 AM,04/17/2015 12:00:00 AM,,Judi Wakhungu,Cabinet Secretary,"Environment, Water And Natural Resources",Kenya Forests Service Board,36,Appointed ,,,,278
2924,01/01/2015 12:00:00 AM,Forest Act,385,John Gethi,Member of the Board,04/26/2015 12:00:00 AM,04/17/2015 12:00:00 AM,,Judi Wakhungu,Cabinet Secretary,"Environment, Water And Natural Resources",Kenya Forests Service Board,36,Appointed ,m,,,279
2924,01/01/2015 12:00:00 AM,Forest Act,385,Christopher Gatama Gakahu,Member of the Board,04/26/2015 12:00:00 AM,04/17/2015 12:00:00 AM,,Judi Wakhungu,Cabinet Secretary,"Environment, Water And Natural Resources",Kenya Forests Service Board,36,Appointed ,m,,,280
2925,01/01/2015 12:00:00 AM,The State Corporations Act,446,Abdullahi Dima Jillo (Dr.),Member of the Board,04/26/2015 12:00:00 AM,04/17/2015 12:00:00 AM,,Judi Wakhungu,Cabinet Secretary,"Environment, Water And Natural Resources",Kenya Forestry Research Institute,36,Appointed ,,,,281
2926,01/01/2015 12:00:00 AM,Kerio Valley Development Authority Act,441,Dinah Chelanga,Member of the Board,04/26/2015 12:00:00 AM,04/17/2015 12:00:00 AM,,Judi Wakhungu,Cabinet Secretary,"Environment, Water And Natural Resources",Kerio Valley Development Authority,36,Appointed ,,,,282
2926,01/01/2015 12:00:00 AM,Kerio Valley Development Authority Act,441,Vincent Shilaho,Member of the Board,04/26/2015 12:00:00 AM,04/17/2015 12:00:00 AM,,Judi Wakhungu,Cabinet Secretary,"Environment, Water And Natural Resources",Kerio Valley Development Authority,36,Appointed ,m,,,283
2926,01/01/2015 12:00:00 AM,Kerio Valley Development Authority Act,441,Getrude Kemboi,Member of the Board,04/26/2015 12:00:00 AM,04/17/2015 12:00:00 AM,,Judi Wakhungu,Cabinet Secretary,"Environment, Water And Natural Resources",Kerio Valley Development Authority,36,Appointed ,f,,,284
2927,01/01/2015 12:00:00 AM,Coast Development Authority Act ,449,Esther Kache,Member of the Board,04/26/2015 12:00:00 AM,04/17/2015 12:00:00 AM,,Judi Wakhungu,Cabinet Secretary,"Environment, Water And Natural Resources",Coast Development Authority,36,Appointed ,f,,,285
2927,01/01/2015 12:00:00 AM,Coast Development Authority Act ,449,Ibrahim Mutwafy,Member of the Board,04/26/2015 12:00:00 AM,04/17/2015 12:00:00 AM,,Judi Wakhungu,Cabinet Secretary,"Environment, Water And Natural Resources",Coast Development Authority,36,Appointed ,m,,,286
2927,01/01/2015 12:00:00 AM,Coast Development Authority Act ,449,Aboud Omar,Member of the Board,04/26/2015 12:00:00 AM,04/17/2015 12:00:00 AM,,Judi Wakhungu,Cabinet Secretary,"Environment, Water And Natural Resources",Coast Development Authority,36,Appointed ,,,,287
2927,01/01/2015 12:00:00 AM,Coast Development Authority Act ,449,Charles Mwaiseghe,Member of the Board,04/26/2015 12:00:00 AM,04/17/2015 12:00:00 AM,,Judi Wakhungu,Cabinet Secretary,"Environment, Water And Natural Resources",Coast Development Authority,36,Appointed ,m,,,288
2927,01/01/2015 12:00:00 AM,Coast Development Authority Act ,449,Ali Bunow Korane,Member of the Board,04/26/2015 12:00:00 AM,04/17/2015 12:00:00 AM,,Judi Wakhungu,Cabinet Secretary,"Environment, Water And Natural Resources",Coast Development Authority,36,Appointed ,m,,,289
2927,01/01/2015 12:00:00 AM,Coast Development Authority Act ,449,Mwanasaidi Ntembe Makoti,Member of the Board,04/26/2015 12:00:00 AM,04/17/2015 12:00:00 AM,,Judi Wakhungu,Cabinet Secretary,"Environment, Water And Natural Resources",Coast Development Authority,36,Appointed ,,,,290
2927,01/01/2015 12:00:00 AM,Coast Development Authority Act ,449,Hirsi Sheikh Dullo,Member of the Board,04/26/2015 12:00:00 AM,04/17/2015 12:00:00 AM,,Judi Wakhungu,Cabinet Secretary,"Environment, Water And Natural Resources",Coast Development Authority,36,Appointed ,,,,291
2928,01/01/2015 12:00:00 AM,"The National Water Conservation And Pipeline Corporation Order, 1988 (L.N. 270 Of 1988)
",,Walubengo Waningilo,Member of the Board,04/26/2015 12:00:00 AM,04/17/2015 12:00:00 AM,,Judi Wakhungu,Cabinet Secretary,"Environment, Water And Natural Resources",National Water Conservation And Pipeline Corporation ,36,Appointed ,,,,292
2928,01/01/2015 12:00:00 AM,"The National Water Conservation And Pipeline Corporation Order, 1988 (L.N. 270 Of 1988)
",,Halima Kiniti,Member of the Board,04/26/2015 12:00:00 AM,04/17/2015 12:00:00 AM,,Judi Wakhungu,Cabinet Secretary,"Environment, Water And Natural Resources",National Water Conservation And Pipeline Corporation ,36,Appointed ,,,,293
2928,01/01/2015 12:00:00 AM,"The National Water Conservation And Pipeline Corporation Order, 1988 (L.N. 270 Of 1988)
",,Moses J. K. Ndwiga,Member of the Board,04/26/2015 12:00:00 AM,04/17/2015 12:00:00 AM,,Judi Wakhungu,Cabinet Secretary,"Environment, Water And Natural Resources",National Water Conservation And Pipeline Corporation ,36,Appointed ,m,,,294
2928,01/01/2015 12:00:00 AM,"The National Water Conservation And Pipeline Corporation Order, 1988 (L.N. 270 Of 1988)
",,Vincent Sidai Esyepet (Eng.),Member of the Board,04/26/2015 12:00:00 AM,04/17/2015 12:00:00 AM,,Judi Wakhungu,Cabinet Secretary,"Environment, Water And Natural Resources",National Water Conservation And Pipeline Corporation ,36,Appointed ,m,,,295
2928,01/01/2015 12:00:00 AM,"The National Water Conservation And Pipeline Corporation Order, 1988 (L.N. 270 Of 1988)
",,Alome Achayo,Member of the Board,04/26/2015 12:00:00 AM,04/17/2015 12:00:00 AM,,Judi Wakhungu,Cabinet Secretary,"Environment, Water And Natural Resources",National Water Conservation And Pipeline Corporation ,36,Appointed ,,,,296
2928,01/01/2015 12:00:00 AM,"The National Water Conservation And Pipeline Corporation Order, 1988 (L.N. 270 Of 1988)
",,John Kangogo,Member of the Board,04/26/2015 12:00:00 AM,04/17/2015 12:00:00 AM,,Judi Wakhungu,Cabinet Secretary,"Environment, Water And Natural Resources",National Water Conservation And Pipeline Corporation ,36,Appointed ,m,,,297
2928,01/01/2015 12:00:00 AM,"The National Water Conservation And Pipeline Corporation Order, 1988 (L.N. 270 Of 1988)
",,,Member of the Board,,,04/26/2015 12:00:00 AM,Judi Wakhungu,Cabinet Secretary,"Environment, Water And Natural Resources",National Water Conservation And Pipeline Corporation ,,Revoked ,,2488,,298
2929,01/01/2015 12:00:00 AM,The Environmental Management And Co-Ordination Act (No. 8 Of 1999),,Susan M. Mutimbi (Dr.),Member of the Board,04/26/2015 12:00:00 AM,04/17/2015 12:00:00 AM,,Judi Wakhungu,Cabinet Secretary,"Environment, Water And Natural Resources",National Environmental Management Authority,36,Appointed ,f,,,299
2929,01/01/2015 12:00:00 AM,The Environmental Management And Co-Ordination Act (No. 8 Of 1999),,Caroline Wakesho Sonje,Member of the Board,04/26/2015 12:00:00 AM,04/17/2015 12:00:00 AM,,Judi Wakhungu,Cabinet Secretary,"Environment, Water And Natural Resources",National Environmental Management Authority,36,Appointed ,f,,,300
2929,01/01/2015 12:00:00 AM,The Environmental Management And Co-Ordination Act (No. 8 Of 1999),,Daniel Tuitoek,Member of the Board,04/26/2015 12:00:00 AM,04/17/2015 12:00:00 AM,,Judi Wakhungu,Cabinet Secretary,"Environment, Water And Natural Resources",National Environmental Management Authority,36,Appointed ,m,,,301
2929,01/01/2015 12:00:00 AM,The Environmental Management And Co-Ordination Act (No. 8 Of 1999),,A. Mitaru (Prof.),Member of the Board,04/26/2015 12:00:00 AM,04/17/2015 12:00:00 AM,,Judi Wakhungu,Cabinet Secretary,"Environment, Water And Natural Resources",National Environmental Management Authority,36,Appointed ,,,,302
2929,01/01/2015 12:00:00 AM,The Environmental Management And Co-Ordination Act (No. 8 Of 1999),,Patrick Ngatia,Member of the Board,04/26/2015 12:00:00 AM,04/17/2015 12:00:00 AM,,Judi Wakhungu,Cabinet Secretary,"Environment, Water And Natural Resources",National Environmental Management Authority,36,Appointed ,m,,,303
2929,01/01/2015 12:00:00 AM,The Environmental Management And Co-Ordination Act (No. 8 Of 1999),,Charles Oluchina,Member of the Board,04/26/2015 12:00:00 AM,04/17/2015 12:00:00 AM,,Judi Wakhungu,Cabinet Secretary,"Environment, Water And Natural Resources",National Environmental Management Authority,36,Appointed ,m,,,304
